epoch,final_output,ground_truth,mse,predictions
0,31.7364501953125,"50.000000,50.000000,50.000000,50.000000,50.000000,50.000000,50.000000,50.000000,50.000000,50.000000,50.000000,50.000000,50.000000,50.000000,50.000000,50.000000,50.000000,50.000000,50.000000,50.000000,50.000000,50.000000,50.000000,50.000000,50.000000,50.000000,50.000000,50.000000,50.000000,50.000000,50.000000,50.000000,50.000000,50.000000,50.000000,50.000000,50.000000,50.000000,50.000000,50.000000,50.000000,50.000000,50.000000,50.000000,50.000000,50.000000,50.000000,50.000000,50.000000,50.000000,50.000000,50.000000,50.000000,50.000000,50.000000,50.000000,50.000000,50.000000,50.000000,50.000000,50.000000,50.000000,50.000000,50.000000,50.000000,50.000000,50.000000,50.000000,50.000000,50.000000,50.000000,50.000000,50.000000,50.000000,50.000000,50.000000,50.000000,50.000000,50.000000,50.000000,50.000000,50.000000,50.000000,50.000000,50.000000,50.000000,50.000000,50.000000,50.000000,50.000000,50.000000,50.000000,50.000000,50.000000,50.000000,50.000000,50.000000,50.000000,50.000000,50.000000,50.000000,50.000000,50.000000,50.000000,50.000000,50.000000,50.000000,50.000000,50.000000,50.000000,50.000000,50.000000,50.000000,50.000000,50.000000,50.000000,50.000000,50.000000,50.000000,50.000000,50.000000,50.000000,50.000000,50.000000,50.000000,50.000000,50.000000,50.000000,50.000000,50.000000,50.000000,50.000000,50.000000,50.000000,50.000000,50.000000,50.000000,50.000000,50.000000,50.000000,50.000000,50.000000,50.000000,50.000000,50.000000,50.000000,50.000000,50.000000,50.000000,50.000000,50.000000,50.000000,50.000000,50.000000,50.000000,50.000000,50.000000,50.000000,50.000000,50.000000,50.000000,50.000000,50.000000,50.000000,50.000000,50.000000,50.000000,50.000000,50.000000,50.000000,50.000000,50.000000,50.000000,50.000000,50.000000,50.000000,50.000000,50.000000,50.000000,50.000000,50.000000,50.000000,50.000000,50.000000,50.000000,50.000000,50.000000,50.000000,50.000000,50.000000,50.000000,50.000000,50.000000,50.000000,50.000000,50.000000,50.000000,50.000000,50.000000,50.000000",696.4866333007812,"23.820002,23.867167,23.914114,23.952229,23.993801,24.037560,24.082952,24.128246,24.165798,24.211571,24.243341,24.283916,24.318068,24.363806,24.407494,24.449167,24.485857,24.531273,24.571091,24.615675,24.662535,24.707672,24.749039,24.781984,24.816765,24.862072,24.904696,24.939493,24.971764,25.013634,25.052664,25.095840,25.142471,25.183157,25.217453,25.263165,25.306664,25.353767,25.400265,25.442471,25.489017,25.535879,25.582331,25.623386,25.666893,25.703840,25.748333,25.780249,25.816275,25.856119,25.891081,25.925390,25.970579,26.005911,26.051790,26.089972,26.136326,26.178537,26.214863,26.258497,26.292589,26.333832,26.373049,26.406805,26.441029,26.473190,26.508150,26.540842,26.586002,26.621725,26.657259,26.702740,26.735806,26.775156,26.815144,26.854359,26.889591,26.925535,26.966160,27.008003,27.043177,27.089552,27.125490,27.170046,27.209400,27.252171,27.284891,27.331322,27.364899,27.408331,27.445368,27.488970,27.527721,27.566605,27.605343,27.645678,27.680977,27.724188,27.762199,27.807838,27.842508,27.878790,27.914539,27.958956,27.995844,28.040228,28.079851,28.115490,28.148390,28.183950,28.229218,28.276072,28.312605,28.357153,28.396400,28.439287,28.479691,28.519598,28.552105,28.593414,28.638866,28.681475,28.721384,28.754768,28.796303,28.838623,28.882496,28.917576,28.956110,28.996218,29.032471,29.076212,29.108936,29.155481,29.192070,29.230980,29.263611,29.309607,29.345839,29.386295,29.421556,29.459616,29.494432,29.527216,29.565826,29.611238,29.654726,29.700655,29.734938,29.775000,29.814470,29.860786,29.900488,29.945898,29.981228,30.021992,30.061529,30.102571,30.144629,30.180710,30.220387,30.259573,30.295099,30.339375,30.375355,30.411034,30.453663,30.500715,30.534899,30.569923,30.612782,30.649303,30.690077,30.735189,30.773180,30.815008,30.853374,30.885227,30.931316,30.976538,31.011906,31.057745,31.091274,31.129656,31.161703,31.198502,31.238478,31.271957,31.312281,31.357407,31.396076,31.429876,31.464832,31.498468,31.535778,31.579575,31.621429,31.657267,31.699167,31.736450"
1,39.539833068847656,"50.000000,50.000000,50.000000,50.000000,50.000000,50.000000,50.000000,50.000000,50.000000,50.000000,50.000000,50.000000,50.000000,50.000000,50.000000,50.000000,50.000000,50.000000,50.000000,50.000000,50.000000,50.000000,50.000000,50.000000,50.000000,50.000000,50.000000,50.000000,50.000000,50.000000,50.000000,50.000000,50.000000,50.000000,50.000000,50.000000,50.000000,50.000000,50.000000,50.000000,50.000000,50.000000,50.000000,50.000000,50.000000,50.000000,50.000000,50.000000,50.000000,50.000000,50.000000,50.000000,50.000000,50.000000,50.000000,50.000000,50.000000,50.000000,50.000000,50.000000,50.000000,50.000000,50.000000,50.000000,50.000000,50.000000,50.000000,50.000000,50.000000,50.000000,50.000000,50.000000,50.000000,50.000000,50.000000,50.000000,50.000000,50.000000,50.000000,50.000000,50.000000,50.000000,50.000000,50.000000,50.000000,50.000000,50.000000,50.000000,50.000000,50.000000,50.000000,50.000000,50.000000,50.000000,50.000000,50.000000,50.000000,50.000000,50.000000,50.000000,50.000000,50.000000,50.000000,50.000000,50.000000,50.000000,50.000000,50.000000,50.000000,50.000000,50.000000,50.000000,50.000000,50.000000,50.000000,50.000000,50.000000,50.000000,50.000000,50.000000,50.000000,50.000000,50.000000,50.000000,50.000000,50.000000,50.000000,50.000000,50.000000,50.000000,50.000000,50.000000,50.000000,50.000000,50.000000,50.000000,50.000000,50.000000,50.000000,50.000000,50.000000,50.000000,50.000000,50.000000,50.000000,50.000000,50.000000,50.000000,50.000000,50.000000,50.000000,50.000000,50.000000,50.000000,50.000000,50.000000,50.000000,50.000000,50.000000,50.000000,50.000000,50.000000,50.000000,50.000000,50.000000,50.000000,50.000000,50.000000,50.000000,50.000000,50.000000,50.000000,50.000000,50.000000,50.000000,50.000000,50.000000,50.000000,50.000000,50.000000,50.000000,50.000000,50.000000,50.000000,50.000000,50.000000,50.000000,50.000000,50.000000,50.000000,50.000000,50.000000,50.000000,50.000000,50.000000,50.000000,50.000000,50.000000,50.000000,50.000000",209.98928833007812,"31.777393,31.822794,31.864437,31.909412,31.943745,31.987728,32.024796,32.058868,32.098824,32.144012,32.182751,32.229160,32.273796,32.307514,32.346722,32.385796,32.424713,32.471657,32.510780,32.545269,32.584972,32.618752,32.658894,32.698574,32.735912,32.769627,32.815197,32.859348,32.896820,32.930901,32.970352,33.009045,33.048409,33.089985,33.133450,33.176834,33.209755,33.256233,33.299183,33.341007,33.383713,33.416595,33.462967,33.502930,33.546551,33.583740,33.623222,33.655731,33.695183,33.733826,33.765835,33.801270,33.847012,33.888771,33.924778,33.968643,34.015553,34.050079,34.083904,34.118954,34.159389,34.193230,34.224770,34.260334,34.302532,34.336300,34.374802,34.409466,34.444881,34.486893,34.526989,34.564873,34.610054,34.647701,34.691494,34.732384,34.765579,34.801514,34.847527,34.886791,34.924721,34.958080,35.004845,35.039951,35.082527,35.122677,35.154404,35.185928,35.228195,35.269855,35.316170,35.357838,35.391979,35.434296,35.477772,35.522533,35.566490,35.605625,35.642345,35.675896,35.714306,35.748810,35.784260,35.821198,35.856319,35.894135,35.940823,35.982182,36.021271,36.060612,36.099632,36.141823,36.182056,36.224468,36.264351,36.306103,36.342979,36.389671,36.428696,36.463131,36.507175,36.548367,36.588757,36.632576,36.665092,36.707821,36.740005,36.785259,36.827190,36.861973,36.895397,36.928013,36.959667,36.995033,37.036098,37.073025,37.119461,37.155804,37.189121,37.234768,37.279869,37.319862,37.354359,37.385929,37.417328,37.448959,37.492100,37.529728,37.568768,37.611549,37.653103,37.691525,37.724300,37.769451,37.806824,37.850521,37.886333,37.921516,37.958042,37.993851,38.029716,38.061436,38.104313,38.147713,38.179028,38.218212,38.251011,38.288517,38.326340,38.370594,38.413097,38.446278,38.484207,38.528118,38.574322,38.609245,38.652344,38.690292,38.730762,38.763569,38.805710,38.841316,38.879211,38.912975,38.948112,38.990807,39.025249,39.063080,39.108063,39.154766,39.201481,39.241661,39.284412,39.322735,39.357189,39.398628,39.433750,39.466152,39.506245,39.539833"
2,47.3192253112793,"50.000000,50.000000,50.000000,50.000000,50.000000,50.000000,50.000000,50.000000,50.000000,50.000000,50.000000,50.000000,50.000000,50.000000,50.000000,50.000000,50.000000,50.000000,50.000000,50.000000,50.000000,50.000000,50.000000,50.000000,50.000000,50.000000,50.000000,50.000000,50.000000,50.000000,50.000000,50.000000,50.000000,50.000000,50.000000,50.000000,50.000000,50.000000,50.000000,50.000000,50.000000,50.000000,50.000000,50.000000,50.000000,50.000000,50.000000,50.000000,50.000000,50.000000,50.000000,50.000000,50.000000,50.000000,50.000000,50.000000,50.000000,50.000000,50.000000,50.000000,50.000000,50.000000,50.000000,50.000000,50.000000,50.000000,50.000000,50.000000,50.000000,50.000000,50.000000,50.000000,50.000000,50.000000,50.000000,50.000000,50.000000,50.000000,50.000000,50.000000,50.000000,50.000000,50.000000,50.000000,50.000000,50.000000,50.000000,50.000000,50.000000,50.000000,50.000000,50.000000,50.000000,50.000000,50.000000,50.000000,50.000000,50.000000,50.000000,50.000000,50.000000,50.000000,50.000000,50.000000,50.000000,50.000000,50.000000,50.000000,50.000000,50.000000,50.000000,50.000000,50.000000,50.000000,50.000000,50.000000,50.000000,50.000000,50.000000,50.000000,50.000000,50.000000,50.000000,50.000000,50.000000,50.000000,50.000000,50.000000,50.000000,50.000000,50.000000,50.000000,50.000000,50.000000,50.000000,50.000000,50.000000,50.000000,50.000000,50.000000,50.000000,50.000000,50.000000,50.000000,50.000000,50.000000,50.000000,50.000000,50.000000,50.000000,50.000000,50.000000,50.000000,50.000000,50.000000,50.000000,50.000000,50.000000,50.000000,50.000000,50.000000,50.000000,50.000000,50.000000,50.000000,50.000000,50.000000,50.000000,50.000000,50.000000,50.000000,50.000000,50.000000,50.000000,50.000000,50.000000,50.000000,50.000000,50.000000,50.000000,50.000000,50.000000,50.000000,50.000000,50.000000,50.000000,50.000000,50.000000,50.000000,50.000000,50.000000,50.000000,50.000000,50.000000,50.000000,50.000000,50.000000,50.000000,50.000000,50.000000",47.98900604248047,"39.577225,39.622734,39.657349,39.689507,39.721214,39.764977,39.808495,39.848728,39.883301,39.927563,39.964928,40.010017,40.050861,40.089401,40.121845,40.155952,40.189121,40.234150,40.271664,40.317795,40.356304,40.392059,40.436436,40.474522,40.517628,40.551075,40.594902,40.629581,40.667686,40.711956,40.754467,40.786095,40.818134,40.860760,40.900600,40.934681,40.968513,41.007042,41.048988,41.080437,41.112930,41.154922,41.199451,41.241112,41.280647,41.321178,41.354858,41.388859,41.430767,41.473820,41.518047,41.558430,41.601151,41.638737,41.672764,41.717442,41.762825,41.797886,41.838860,41.873478,41.904858,41.950420,41.990215,42.036312,42.067982,42.112930,42.155762,42.190304,42.228680,42.267818,42.309505,42.352303,42.389156,42.422913,42.464092,42.498909,42.542549,42.582142,42.622009,42.659306,42.700817,42.742123,42.776443,42.807789,42.843132,42.876896,42.909504,42.953300,42.997505,43.036381,43.070065,43.103237,43.138153,43.178837,43.225407,43.269180,43.300613,43.342594,43.386478,43.418571,43.455593,43.490986,43.529049,43.571068,43.612999,43.657921,43.700527,43.735058,43.777534,43.813202,43.851555,43.896317,43.932171,43.972298,44.009911,44.049282,44.086433,44.121670,44.154232,44.187851,44.225361,44.268074,44.313324,44.350838,44.392723,44.436665,44.480808,44.515278,44.561527,44.595974,44.627316,44.672600,44.707634,44.743610,44.783043,44.825008,44.869198,44.914829,44.949970,44.988705,45.032261,45.064301,45.103802,45.144066,45.183979,45.225479,45.267021,45.299278,45.340752,45.385406,45.419495,45.458187,45.489365,45.530701,45.572208,45.610615,45.648556,45.687901,45.728081,45.759922,45.796558,45.831795,45.873650,45.918934,45.959122,45.993416,46.035114,46.079430,46.122387,46.163826,46.201614,46.242668,46.286339,46.318665,46.364693,46.396152,46.429260,46.461063,46.499401,46.541676,46.575668,46.614700,46.649696,46.689548,46.734898,46.767429,46.806786,46.847118,46.890057,46.934128,46.971214,47.011566,47.050583,47.096252,47.129795,47.165947,47.211823,47.243244,47.286270,47.319225"
3,50.431941986083984,"50.000000,50.000000,50.000000,50.000000,50.000000,50.000000,50.000000,50.000000,50.000000,50.000000,50.000000,50.000000,50.000000,50.000000,50.000000,50.000000,50.000000,50.000000,50.000000,50.000000,50.000000,50.000000,50.000000,50.000000,50.000000,50.000000,50.000000,50.000000,50.000000,50.000000,50.000000,50.000000,50.000000,50.000000,50.000000,50.000000,50.000000,50.000000,50.000000,50.000000,50.000000,50.000000,50.000000,50.000000,50.000000,50.000000,50.000000,50.000000,50.000000,50.000000,50.000000,50.000000,50.000000,50.000000,50.000000,50.000000,50.000000,50.000000,50.000000,50.000000,50.000000,50.000000,50.000000,50.000000,50.000000,50.000000,50.000000,50.000000,50.000000,50.000000,50.000000,50.000000,50.000000,50.000000,50.000000,50.000000,50.000000,50.000000,50.000000,50.000000,50.000000,50.000000,50.000000,50.000000,50.000000,50.000000,50.000000,50.000000,50.000000,50.000000,50.000000,50.000000,50.000000,50.000000,50.000000,50.000000,50.000000,50.000000,50.000000,50.000000,50.000000,50.000000,50.000000,50.000000,50.000000,50.000000,50.000000,50.000000,50.000000,50.000000,50.000000,50.000000,50.000000,50.000000,50.000000,50.000000,50.000000,50.000000,50.000000,50.000000,50.000000,50.000000,50.000000,50.000000,50.000000,50.000000,50.000000,50.000000,50.000000,50.000000,50.000000,50.000000,50.000000,50.000000,50.000000,50.000000,50.000000,50.000000,50.000000,50.000000,50.000000,50.000000,50.000000,50.000000,50.000000,50.000000,50.000000,50.000000,50.000000,50.000000,50.000000,50.000000,50.000000,50.000000,50.000000,50.000000,50.000000,50.000000,50.000000,50.000000,50.000000,50.000000,50.000000,50.000000,50.000000,50.000000,50.000000,50.000000,50.000000,50.000000,50.000000,50.000000,50.000000,50.000000,50.000000,50.000000,50.000000,50.000000,50.000000,50.000000,50.000000,50.000000,50.000000,50.000000,50.000000,50.000000,50.000000,50.000000,50.000000,50.000000,50.000000,50.000000,50.000000,50.000000,50.000000,50.000000,50.000000,50.000000,50.000000,50.000000",0.9438154101371765,"47.351681,47.398079,47.436546,47.468292,47.509613,47.548874,47.590225,47.628502,47.666809,47.712234,47.755352,47.797295,47.836189,47.867493,47.908173,47.950535,47.994503,48.028698,48.072899,48.106262,48.142101,48.181820,48.221928,48.268417,48.305374,48.343548,48.383869,48.425716,48.469589,48.512119,48.547466,48.584518,48.623913,48.656189,48.687248,48.723202,48.767250,48.813492,48.852264,48.895985,48.939114,48.977894,49.019295,49.065441,49.099987,49.131359,49.173218,49.210342,49.248779,49.293892,49.332680,49.370556,49.405193,49.437344,49.470745,49.515720,49.558170,49.604252,49.636387,49.677330,49.716961,49.759785,49.792645,49.837372,49.874146,49.907890,49.940575,49.981846,50.019783,50.058186,50.104053,50.146305,50.189518,50.234451,50.268433,50.306744,50.343464,50.383293,50.425781,50.389736,50.434299,50.393116,50.438789,50.394909,50.433224,50.401115,50.440346,50.408642,50.451786,50.411770,50.444885,50.480579,50.443565,50.478920,50.440266,50.471741,50.512707,50.468937,50.514763,50.479378,50.519928,50.487244,50.530121,50.496414,50.537617,50.491890,50.524872,50.484020,50.523140,50.479786,50.513687,50.475529,50.520676,50.479698,50.522961,50.486519,50.520542,50.489071,50.531197,50.490509,50.527077,50.493141,50.528076,50.481998,50.518612,50.487579,50.531559,50.490829,50.526344,50.480644,50.522903,50.489006,50.534348,50.494549,50.531315,50.486271,50.518135,50.479679,50.523552,50.484791,50.516022,50.477592,50.520775,50.485569,50.525192,50.487396,50.526806,50.483082,50.527554,50.486843,50.527000,50.480873,50.524628,50.483852,50.517307,50.473495,50.515388,50.483246,50.516327,50.481598,50.525425,50.484676,50.522163,50.478985,50.511036,50.470856,50.510593,50.473854,50.505322,50.460335,50.506428,50.460255,50.491287,50.449451,50.481850,50.445145,50.489609,50.446156,50.486469,50.440086,50.486069,50.446060,50.489521,50.444897,50.482491,50.449196,50.489170,50.445930,50.480293,50.446308,50.481750,50.447979,50.484394,50.443325,50.477448,50.440979,50.479858,50.438934,50.477997,50.431942"
4,58.18511199951172,"50.000000,50.000000,50.000000,50.000000,50.000000,50.000000,50.000000,50.000000,50.000000,50.000000,50.000000,50.000000,50.000000,50.000000,50.000000,50.000000,50.000000,50.000000,50.000000,50.000000,50.000000,50.000000,50.000000,50.000000,50.000000,50.000000,50.000000,50.000000,50.000000,50.000000,50.000000,50.000000,50.000000,50.000000,50.000000,50.000000,50.000000,50.000000,50.000000,50.000000,50.000000,50.000000,50.000000,50.000000,50.000000,50.000000,50.000000,50.000000,50.000000,50.000000,50.000000,50.000000,50.000000,50.000000,50.000000,50.000000,50.000000,50.000000,50.000000,50.000000,50.000000,50.000000,50.000000,50.000000,50.000000,50.000000,50.000000,50.000000,50.000000,50.000000,50.000000,50.000000,50.000000,50.000000,50.000000,50.000000,50.000000,50.000000,50.000000,50.000000,50.000000,50.000000,50.000000,50.000000,50.000000,50.000000,50.000000,50.000000,50.000000,50.000000,50.000000,50.000000,50.000000,50.000000,50.000000,50.000000,50.000000,50.000000,50.000000,50.000000,50.000000,50.000000,50.000000,50.000000,50.000000,50.000000,50.000000,50.000000,50.000000,50.000000,50.000000,50.000000,50.000000,50.000000,50.000000,50.000000,50.000000,50.000000,50.000000,50.000000,50.000000,50.000000,50.000000,50.000000,50.000000,50.000000,50.000000,50.000000,50.000000,50.000000,50.000000,50.000000,50.000000,50.000000,50.000000,50.000000,50.000000,50.000000,50.000000,50.000000,50.000000,50.000000,50.000000,50.000000,50.000000,50.000000,50.000000,50.000000,50.000000,50.000000,50.000000,50.000000,50.000000,50.000000,50.000000,50.000000,50.000000,50.000000,50.000000,50.000000,50.000000,50.000000,50.000000,50.000000,50.000000,50.000000,50.000000,50.000000,50.000000,50.000000,50.000000,50.000000,50.000000,50.000000,50.000000,50.000000,50.000000,50.000000,50.000000,50.000000,50.000000,50.000000,50.000000,50.000000,50.000000,50.000000,50.000000,50.000000,50.000000,50.000000,50.000000,50.000000,50.000000,50.000000,50.000000,50.000000,50.000000,50.000000,50.000000,50.000000",15.40398120880127,"50.471149,50.515209,50.547054,50.585865,50.629158,50.664799,50.710644,50.753365,50.790504,50.829178,50.873158,50.911690,50.946911,50.989292,51.034222,51.071140,51.105564,51.151333,51.196018,51.227276,51.272678,51.311352,51.354900,51.395218,51.440796,51.477814,51.510792,51.554745,51.588799,51.634605,51.677773,51.718246,51.749359,51.789108,51.832561,51.878090,51.923458,51.967937,51.999851,52.041824,52.086704,52.130154,52.169266,52.211689,52.248363,52.281834,52.316994,52.361565,52.398930,52.438396,52.477123,52.517632,52.562878,52.605469,52.647488,52.679794,52.719021,52.753712,52.787872,52.824192,52.855865,52.888371,52.923756,52.969715,53.016018,53.060715,53.091724,53.131027,53.167152,53.207672,53.239246,53.270885,53.309990,53.343761,53.377190,53.416862,53.462555,53.505276,53.547535,53.587551,53.630062,53.673740,53.711021,53.749847,53.781906,53.819283,53.863567,53.909126,53.940624,53.976254,54.016373,54.053860,54.093895,54.137169,54.176510,54.211555,54.257263,54.295132,54.335472,54.367336,54.404140,54.435795,54.475487,54.511513,54.556175,54.589241,54.630833,54.667408,54.705738,54.739544,54.784004,54.815163,54.852032,54.895367,54.926392,54.962189,55.004417,55.044712,55.088039,55.121731,55.157303,55.195721,55.227818,55.271233,55.306458,55.342728,55.375385,55.415569,55.455841,55.493389,55.527737,55.564701,55.596516,55.639648,55.685135,55.723808,55.754799,55.787380,55.833126,55.866478,55.902618,55.935452,55.979160,56.021023,56.055737,56.101391,56.139950,56.173302,56.215130,56.256836,56.290462,56.332691,56.369724,56.415257,56.459457,56.498421,56.543728,56.576149,56.616722,56.650349,56.694511,56.728348,56.770767,56.814823,56.848156,56.892982,56.934551,56.975334,57.009712,57.051586,57.096024,57.141445,57.181393,57.223949,57.268024,57.301102,57.334431,57.369331,57.410183,57.442257,57.474548,57.519356,57.550365,57.585392,57.623001,57.661232,57.696243,57.731018,57.769131,57.807339,57.852741,57.884510,57.924458,57.958130,57.990978,58.023708,58.067268,58.113129,58.150349,58.185112"
5,50.912017822265625,"50.000000,50.000000,50.000000,50.000000,50.000000,50.000000,50.000000,50.000000,50.000000,50.000000,50.000000,50.000000,50.000000,50.000000,50.000000,50.000000,50.000000,50.000000,50.000000,50.000000,50.000000,50.000000,50.000000,50.000000,50.000000,50.000000,50.000000,50.000000,50.000000,50.000000,50.000000,50.000000,50.000000,50.000000,50.000000,50.000000,50.000000,50.000000,50.000000,50.000000,50.000000,50.000000,50.000000,50.000000,50.000000,50.000000,50.000000,50.000000,50.000000,50.000000,50.000000,50.000000,50.000000,50.000000,50.000000,50.000000,50.000000,50.000000,50.000000,50.000000,50.000000,50.000000,50.000000,50.000000,50.000000,50.000000,50.000000,50.000000,50.000000,50.000000,50.000000,50.000000,50.000000,50.000000,50.000000,50.000000,50.000000,50.000000,50.000000,50.000000,50.000000,50.000000,50.000000,50.000000,50.000000,50.000000,50.000000,50.000000,50.000000,50.000000,50.000000,50.000000,50.000000,50.000000,50.000000,50.000000,50.000000,50.000000,50.000000,50.000000,50.000000,50.000000,50.000000,50.000000,50.000000,50.000000,50.000000,50.000000,50.000000,50.000000,50.000000,50.000000,50.000000,50.000000,50.000000,50.000000,50.000000,50.000000,50.000000,50.000000,50.000000,50.000000,50.000000,50.000000,50.000000,50.000000,50.000000,50.000000,50.000000,50.000000,50.000000,50.000000,50.000000,50.000000,50.000000,50.000000,50.000000,50.000000,50.000000,50.000000,50.000000,50.000000,50.000000,50.000000,50.000000,50.000000,50.000000,50.000000,50.000000,50.000000,50.000000,50.000000,50.000000,50.000000,50.000000,50.000000,50.000000,50.000000,50.000000,50.000000,50.000000,50.000000,50.000000,50.000000,50.000000,50.000000,50.000000,50.000000,50.000000,50.000000,50.000000,50.000000,50.000000,50.000000,50.000000,50.000000,50.000000,50.000000,50.000000,50.000000,50.000000,50.000000,50.000000,50.000000,50.000000,50.000000,50.000000,50.000000,50.000000,50.000000,50.000000,50.000000,50.000000,50.000000,50.000000,50.000000,50.000000,50.000000,50.000000,50.000000",27.935365676879883,"58.229584,58.269310,58.303406,58.347916,58.391712,58.425812,58.389675,58.349842,58.305206,58.271492,58.237091,58.198528,58.158272,58.127083,58.082603,58.049248,58.017193,57.984699,57.945503,57.910572,57.868713,57.827477,57.792019,57.753681,57.722748,57.683258,57.652275,57.620476,57.587524,57.552605,57.509819,57.474941,57.442978,57.403976,57.371948,57.340523,57.298096,57.256824,57.219509,57.178158,57.146549,57.103058,57.057693,57.017529,56.976246,56.930984,56.889172,56.843365,56.801304,56.759140,56.725506,56.686653,56.648083,56.610497,56.566460,56.523354,56.478294,56.439213,56.402149,56.361832,56.328316,56.290207,56.258896,56.227535,56.182152,56.146488,56.105637,56.061165,56.029278,55.994877,55.951366,55.915340,55.874081,55.836842,55.790764,55.746773,55.703228,55.665634,55.620941,55.583496,55.541359,55.501873,55.460361,55.423439,55.383926,55.340237,55.304096,55.271778,55.235466,55.202816,55.171913,55.140472,55.096714,55.059357,55.025368,54.980095,54.948139,54.911343,54.873608,54.827644,54.787601,54.742805,54.699699,54.668182,54.629761,54.587490,54.550686,54.508915,54.477333,54.431026,54.399033,54.355293,54.312351,54.268353,54.233574,54.200047,54.155083,54.114410,54.079918,54.042286,54.006283,53.965324,53.925297,53.886341,53.848488,53.811039,53.774082,53.731789,53.695839,53.651016,53.605431,53.572453,53.540302,53.498962,53.466320,53.430843,53.395744,53.353081,53.318607,53.282608,53.242630,53.202454,53.170982,53.132992,53.093788,53.054386,53.010319,52.964291,52.930630,52.892124,52.850033,52.804077,52.765232,52.722992,52.680935,52.646095,52.604298,52.568306,52.522957,52.486534,52.452496,52.418972,52.373859,52.328762,52.294407,52.263325,52.226257,52.190758,52.149811,52.111797,52.073513,52.034031,52.000736,51.967506,51.924831,51.888119,51.850838,51.804642,51.764343,51.718609,51.674068,51.629227,51.586384,51.554901,51.515251,51.470749,51.434978,51.388603,51.357132,51.313053,51.266617,51.226818,51.188438,51.142895,51.097656,51.065830,51.021164,50.986870,50.944149,50.912018"
6,48.819053649902344,"50.000000,50.000000,50.000000,50.000000,50.000000,50.000000,50.000000,50.000000,50.000000,50.000000,50.000000,50.000000,50.000000,50.000000,50.000000,50.000000,50.000000,50.000000,50.000000,50.000000,50.000000,50.000000,50.000000,50.000000,50.000000,50.000000,50.000000,50.000000,50.000000,50.000000,50.000000,50.000000,50.000000,50.000000,50.000000,50.000000,50.000000,50.000000,50.000000,50.000000,50.000000,50.000000,50.000000,50.000000,50.000000,50.000000,50.000000,50.000000,50.000000,50.000000,50.000000,50.000000,50.000000,50.000000,50.000000,50.000000,50.000000,50.000000,50.000000,50.000000,50.000000,50.000000,50.000000,50.000000,50.000000,50.000000,50.000000,50.000000,50.000000,50.000000,50.000000,50.000000,50.000000,50.000000,50.000000,50.000000,50.000000,50.000000,50.000000,50.000000,50.000000,50.000000,50.000000,50.000000,50.000000,50.000000,50.000000,50.000000,50.000000,50.000000,50.000000,50.000000,50.000000,50.000000,50.000000,50.000000,50.000000,50.000000,50.000000,50.000000,50.000000,50.000000,50.000000,50.000000,50.000000,50.000000,50.000000,50.000000,50.000000,50.000000,50.000000,50.000000,50.000000,50.000000,50.000000,50.000000,50.000000,50.000000,50.000000,50.000000,50.000000,50.000000,50.000000,50.000000,50.000000,50.000000,50.000000,50.000000,50.000000,50.000000,50.000000,50.000000,50.000000,50.000000,50.000000,50.000000,50.000000,50.000000,50.000000,50.000000,50.000000,50.000000,50.000000,50.000000,50.000000,50.000000,50.000000,50.000000,50.000000,50.000000,50.000000,50.000000,50.000000,50.000000,50.000000,50.000000,50.000000,50.000000,50.000000,50.000000,50.000000,50.000000,50.000000,50.000000,50.000000,50.000000,50.000000,50.000000,50.000000,50.000000,50.000000,50.000000,50.000000,50.000000,50.000000,50.000000,50.000000,50.000000,50.000000,50.000000,50.000000,50.000000,50.000000,50.000000,50.000000,50.000000,50.000000,50.000000,50.000000,50.000000,50.000000,50.000000,50.000000,50.000000,50.000000,50.000000,50.000000,50.000000,50.000000,50.000000",5.583704471588135,"50.869530,50.832661,50.799728,50.762379,50.725067,50.689499,50.655228,50.611679,50.578411,50.538269,50.505768,50.467449,50.433704,50.389347,50.349686,50.309319,50.275452,50.232941,50.189934,50.143612,50.108360,50.068283,50.023544,49.979630,49.945671,49.908562,49.870380,49.829041,49.785706,49.746517,49.703934,49.662521,49.627731,49.585144,49.545345,49.507530,49.463097,49.426758,49.389446,49.352650,49.319286,49.278740,49.234844,49.201263,49.157074,49.120060,49.074284,49.041042,48.996014,48.960190,48.928349,48.885506,48.843304,48.800201,48.766174,48.733177,48.696899,48.652660,48.607197,48.561359,48.527760,48.487236,48.451569,48.411987,48.373901,48.335930,48.303261,48.265602,48.223820,48.190308,48.144714,48.102478,48.065807,48.031441,47.992790,47.960625,47.928589,47.882633,47.845325,47.811329,47.776081,47.737103,47.694649,47.661533,47.620575,47.583290,47.540707,47.496307,47.463169,47.420624,47.378517,47.338566,47.304306,47.262817,47.222706,47.181072,47.147354,47.111179,47.070679,47.031429,46.990074,46.945114,46.907742,46.867188,46.831707,46.786911,46.742641,46.697430,46.658176,46.618626,46.576305,46.537552,46.506035,46.467056,46.421230,46.385582,46.342037,46.299175,46.257244,46.214027,46.177536,46.140675,46.103790,46.065224,46.029415,45.993221,45.950718,45.991337,46.029865,46.076073,46.116951,46.155125,46.199162,46.238098,46.274220,46.307350,46.344627,46.380547,46.425835,46.470425,46.508617,46.551170,46.586483,46.629021,46.662010,46.693546,46.735542,46.770496,46.805798,46.847309,46.891891,46.937939,46.977882,47.017715,47.059418,47.096291,47.140915,47.178204,47.224689,47.264053,47.304214,47.345131,47.383194,47.427921,47.463116,47.509598,47.547020,47.580643,47.618340,47.649769,47.685005,47.719868,47.751713,47.784748,47.831165,47.875149,47.909241,47.946777,47.988789,48.027859,48.063812,48.105125,48.139805,48.181892,48.220081,48.259911,48.298485,48.344635,48.384342,48.430580,48.469074,48.506672,48.543434,48.585182,48.629932,48.669750,48.706173,48.744663,48.779655,48.819054"
7,53.69322967529297,"50.000000,50.000000,50.000000,50.000000,50.000000,50.000000,50.000000,50.000000,50.000000,50.000000,50.000000,50.000000,50.000000,50.000000,50.000000,50.000000,50.000000,50.000000,50.000000,50.000000,50.000000,50.000000,50.000000,50.000000,50.000000,50.000000,50.000000,50.000000,50.000000,50.000000,50.000000,50.000000,50.000000,50.000000,50.000000,50.000000,50.000000,50.000000,50.000000,50.000000,50.000000,50.000000,50.000000,50.000000,50.000000,50.000000,50.000000,50.000000,50.000000,50.000000,50.000000,50.000000,50.000000,50.000000,50.000000,50.000000,50.000000,50.000000,50.000000,50.000000,50.000000,50.000000,50.000000,50.000000,50.000000,50.000000,50.000000,50.000000,50.000000,50.000000,50.000000,50.000000,50.000000,50.000000,50.000000,50.000000,50.000000,50.000000,50.000000,50.000000,50.000000,50.000000,50.000000,50.000000,50.000000,50.000000,50.000000,50.000000,50.000000,50.000000,50.000000,50.000000,50.000000,50.000000,50.000000,50.000000,50.000000,50.000000,50.000000,50.000000,50.000000,50.000000,50.000000,50.000000,50.000000,50.000000,50.000000,50.000000,50.000000,50.000000,50.000000,50.000000,50.000000,50.000000,50.000000,50.000000,50.000000,50.000000,50.000000,50.000000,50.000000,50.000000,50.000000,50.000000,50.000000,50.000000,50.000000,50.000000,50.000000,50.000000,50.000000,50.000000,50.000000,50.000000,50.000000,50.000000,50.000000,50.000000,50.000000,50.000000,50.000000,50.000000,50.000000,50.000000,50.000000,50.000000,50.000000,50.000000,50.000000,50.000000,50.000000,50.000000,50.000000,50.000000,50.000000,50.000000,50.000000,50.000000,50.000000,50.000000,50.000000,50.000000,50.000000,50.000000,50.000000,50.000000,50.000000,50.000000,50.000000,50.000000,50.000000,50.000000,50.000000,50.000000,50.000000,50.000000,50.000000,50.000000,50.000000,50.000000,50.000000,50.000000,50.000000,50.000000,50.000000,50.000000,50.000000,50.000000,50.000000,50.000000,50.000000,50.000000,50.000000,50.000000,50.000000,50.000000,50.000000,50.000000,50.000000,50.000000",9.538588523864746,"48.863449,48.906410,48.939976,48.976368,49.010731,49.053501,49.092625,49.138874,49.170284,49.215698,49.249340,49.288483,49.324200,49.364628,49.403198,49.446739,49.484650,49.530426,49.567879,49.599144,49.645626,49.686295,49.722988,49.768612,49.812149,49.852962,49.898857,49.943985,49.984921,50.023010,50.065636,50.100903,50.138958,50.174755,50.213226,50.245178,50.284412,50.319633,50.351952,50.395775,50.430729,50.475296,50.510075,50.548832,50.581417,50.614548,50.648346,50.679893,50.724075,50.764183,50.798798,50.831257,50.870228,50.916103,50.951443,50.987061,51.026695,51.064789,51.099697,51.144859,51.190361,51.232407,51.269783,51.315456,51.348106,51.384010,51.430134,51.475773,51.518349,51.561436,51.600197,51.631802,51.671360,51.712791,51.750111,51.791386,51.833504,51.878330,51.917919,51.957951,51.991257,52.027313,52.059200,52.092541,52.132092,52.170345,52.214859,52.246250,52.286098,52.317619,52.352978,52.385864,52.418854,52.456703,52.490662,52.526276,52.560623,52.598099,52.631561,52.672615,52.709282,52.742378,52.784714,52.823273,52.868172,52.908535,52.949051,52.986065,53.028187,53.070137,53.113045,53.152546,53.184780,53.225460,53.262886,53.302288,53.336693,53.375294,53.421268,53.461998,53.505276,53.541847,53.573692,53.615017,53.660164,53.694847,53.732655,53.775871,53.821377,53.858250,53.903061,53.937107,53.980492,54.018581,54.063835,54.100986,54.140667,54.186222,54.223835,54.265450,54.311108,54.348137,54.381569,54.412518,54.454113,54.485931,54.521526,54.552444,54.584629,54.619743,54.652939,54.684277,54.720741,54.756950,54.801964,54.837994,54.874863,54.908710,54.954708,55.000927,55.038467,55.074074,55.107082,55.069359,55.023514,54.986938,54.950562,54.905762,54.872528,54.840355,54.807518,54.772049,54.739029,54.704082,54.672527,54.633495,54.589302,54.548676,54.507915,54.470383,54.429333,54.387772,54.342587,54.299950,54.265968,54.223957,54.183903,54.146336,54.113129,54.079044,54.036671,54.002304,53.965172,53.922894,53.886353,53.849312,53.812325,53.773975,53.736210,53.693230"
8,46.172916412353516,"50.000000,50.000000,50.000000,50.000000,50.000000,50.000000,50.000000,50.000000,50.000000,50.000000,50.000000,50.000000,50.000000,50.000000,50.000000,50.000000,50.000000,50.000000,50.000000,50.000000,50.000000,50.000000,50.000000,50.000000,50.000000,50.000000,50.000000,50.000000,50.000000,50.000000,50.000000,50.000000,50.000000,50.000000,50.000000,50.000000,50.000000,50.000000,50.000000,50.000000,50.000000,50.000000,50.000000,50.000000,50.000000,50.000000,50.000000,50.000000,50.000000,50.000000,50.000000,50.000000,50.000000,50.000000,50.000000,50.000000,50.000000,50.000000,50.000000,50.000000,50.000000,50.000000,50.000000,50.000000,50.000000,50.000000,50.000000,50.000000,50.000000,50.000000,50.000000,50.000000,50.000000,50.000000,50.000000,50.000000,50.000000,50.000000,50.000000,50.000000,50.000000,50.000000,50.000000,50.000000,50.000000,50.000000,50.000000,50.000000,50.000000,50.000000,50.000000,50.000000,50.000000,50.000000,50.000000,50.000000,50.000000,50.000000,50.000000,50.000000,50.000000,50.000000,50.000000,50.000000,50.000000,50.000000,50.000000,50.000000,50.000000,50.000000,50.000000,50.000000,50.000000,50.000000,50.000000,50.000000,50.000000,50.000000,50.000000,50.000000,50.000000,50.000000,50.000000,50.000000,50.000000,50.000000,50.000000,50.000000,50.000000,50.000000,50.000000,50.000000,50.000000,50.000000,50.000000,50.000000,50.000000,50.000000,50.000000,50.000000,50.000000,50.000000,50.000000,50.000000,50.000000,50.000000,50.000000,50.000000,50.000000,50.000000,50.000000,50.000000,50.000000,50.000000,50.000000,50.000000,50.000000,50.000000,50.000000,50.000000,50.000000,50.000000,50.000000,50.000000,50.000000,50.000000,50.000000,50.000000,50.000000,50.000000,50.000000,50.000000,50.000000,50.000000,50.000000,50.000000,50.000000,50.000000,50.000000,50.000000,50.000000,50.000000,50.000000,50.000000,50.000000,50.000000,50.000000,50.000000,50.000000,50.000000,50.000000,50.000000,50.000000,50.000000,50.000000,50.000000,50.000000,50.000000,50.000000,50.000000",5.111367702484131,"53.650146,53.612740,53.574802,53.532413,53.498348,53.457531,53.425739,53.384674,53.345234,53.312683,53.278347,53.240974,53.203339,53.164089,53.124294,53.092400,53.047436,53.003338,52.958691,52.925270,52.884525,52.841049,52.800148,52.761337,52.716980,52.683025,52.638905,52.605602,52.574638,52.533104,52.492626,52.455006,52.411102,52.371147,52.326561,52.282360,52.239868,52.200638,52.168182,52.128860,52.092102,52.049274,52.013710,51.973804,51.942703,51.907356,51.863441,51.828510,51.782642,51.739353,51.706100,51.661072,51.620831,51.582993,51.539803,51.507404,51.472042,51.437912,51.394722,51.350597,51.305611,51.261696,51.215263,51.175335,51.141575,51.102932,51.062675,51.030823,50.991852,50.959362,50.915684,50.872765,50.829811,50.793880,50.751122,50.712505,50.671574,50.630466,50.589848,50.548222,50.502480,50.469067,50.430462,50.389793,50.346058,50.307480,50.267597,50.230721,50.187473,50.155445,50.118282,50.080761,50.038975,50.002331,49.956970,49.920639,49.881069,49.837257,49.804203,49.768238,49.734035,49.702366,49.662041,49.630791,49.592560,49.560246,49.517780,49.481617,49.448936,49.409424,49.378105,49.338776,49.301647,49.261158,49.219547,49.187519,49.150806,49.119213,49.079475,49.043201,49.007523,48.970993,48.938469,48.893826,48.853081,48.806801,48.760738,48.720547,48.683796,48.642097,48.601154,48.559883,48.514317,48.478653,48.433479,48.387222,48.347557,48.314987,48.276375,48.231926,48.196438,48.157436,48.120335,48.078781,48.034084,47.992031,47.947197,47.916046,47.882145,47.850021,47.804024,47.770149,47.724163,47.681755,47.642906,47.597637,47.562080,47.523613,47.483822,47.441349,47.407688,47.369205,47.330856,47.296082,47.255726,47.215027,47.169071,47.124641,47.090084,47.047962,47.005211,46.971218,46.935001,46.897179,46.858219,46.814445,46.779549,46.734573,46.691956,46.652828,46.607807,46.561909,46.525043,46.478577,46.445694,46.412827,46.378685,46.338238,46.305462,46.264000,46.228703,46.188232,46.153534,46.115261,46.083076,46.039322,46.071201,46.106277,46.140675,46.172916"
9,53.859954833984375,"50.000000,50.000000,50.000000,50.000000,50.000000,50.000000,50.000000,50.000000,50.000000,50.000000,50.000000,50.000000,50.000000,50.000000,50.000000,50.000000,50.000000,50.000000,50.000000,50.000000,50.000000,50.000000,50.000000,50.000000,50.000000,50.000000,50.000000,50.000000,50.000000,50.000000,50.000000,50.000000,50.000000,50.000000,50.000000,50.000000,50.000000,50.000000,50.000000,50.000000,50.000000,50.000000,50.000000,50.000000,50.000000,50.000000,50.000000,50.000000,50.000000,50.000000,50.000000,50.000000,50.000000,50.000000,50.000000,50.000000,50.000000,50.000000,50.000000,50.000000,50.000000,50.000000,50.000000,50.000000,50.000000,50.000000,50.000000,50.000000,50.000000,50.000000,50.000000,50.000000,50.000000,50.000000,50.000000,50.000000,50.000000,50.000000,50.000000,50.000000,50.000000,50.000000,50.000000,50.000000,50.000000,50.000000,50.000000,50.000000,50.000000,50.000000,50.000000,50.000000,50.000000,50.000000,50.000000,50.000000,50.000000,50.000000,50.000000,50.000000,50.000000,50.000000,50.000000,50.000000,50.000000,50.000000,50.000000,50.000000,50.000000,50.000000,50.000000,50.000000,50.000000,50.000000,50.000000,50.000000,50.000000,50.000000,50.000000,50.000000,50.000000,50.000000,50.000000,50.000000,50.000000,50.000000,50.000000,50.000000,50.000000,50.000000,50.000000,50.000000,50.000000,50.000000,50.000000,50.000000,50.000000,50.000000,50.000000,50.000000,50.000000,50.000000,50.000000,50.000000,50.000000,50.000000,50.000000,50.000000,50.000000,50.000000,50.000000,50.000000,50.000000,50.000000,50.000000,50.000000,50.000000,50.000000,50.000000,50.000000,50.000000,50.000000,50.000000,50.000000,50.000000,50.000000,50.000000,50.000000,50.000000,50.000000,50.000000,50.000000,50.000000,50.000000,50.000000,50.000000,50.000000,50.000000,50.000000,50.000000,50.000000,50.000000,50.000000,50.000000,50.000000,50.000000,50.000000,50.000000,50.000000,50.000000,50.000000,50.000000,50.000000,50.000000,50.000000,50.000000,50.000000,50.000000,50.000000,50.000000",4.894904136657715,"46.205475,46.246243,46.284611,46.326332,46.366463,46.403057,46.435879,46.475437,46.517338,46.556858,46.602299,46.641666,46.683414,46.717667,46.761307,46.794563,46.834435,46.874058,46.910416,46.956638,46.988281,47.027172,47.063923,47.100891,47.147369,47.182789,47.225643,47.262417,47.306782,47.349186,47.386700,47.425171,47.466312,47.499424,47.537598,47.582432,47.617519,47.654282,47.685566,47.722256,47.754440,47.787670,47.825371,47.861885,47.893963,47.926441,47.961315,48.003578,48.038105,48.076973,48.116913,48.151798,48.192837,48.235962,48.268803,48.300129,48.344685,48.378990,48.424854,48.462311,48.502522,48.547722,48.583858,48.618896,48.661396,48.694141,48.729717,48.762161,48.801579,48.845249,48.884293,48.917801,48.962330,48.993828,49.030933,49.066010,49.100193,49.137424,49.168697,49.207329,49.247227,49.278511,49.314999,49.354610,49.392715,49.430191,49.462486,49.495464,49.528782,49.572304,49.606293,49.642597,49.688892,49.724232,49.763710,49.798119,49.833355,49.876148,49.909416,49.943501,49.984707,50.021313,50.065521,50.099148,50.132744,50.167625,50.207706,50.250374,50.293476,50.338470,50.377552,50.410381,50.456432,50.491249,50.527977,50.561443,50.601315,50.643845,50.676575,50.708302,50.742508,50.788189,50.824421,50.862728,50.908203,50.943905,50.985832,51.024651,51.062164,51.105984,51.143200,51.186035,51.227871,51.263447,51.295555,51.336353,51.377270,51.417629,51.448883,51.488792,51.527615,51.572681,51.613087,51.657753,51.701946,51.740429,51.785046,51.822350,51.866535,51.907707,51.946049,51.991711,52.031235,52.070587,52.112396,52.156647,52.196320,52.234528,52.270985,52.313198,52.358578,52.391571,52.436947,52.473766,52.516453,52.553204,52.593067,52.636230,52.680893,52.712189,52.745453,52.790016,52.823135,52.856834,52.889462,52.921982,52.966545,53.001110,53.037918,53.078548,53.118683,53.156250,53.200993,53.240330,53.282902,53.316734,53.355534,53.400581,53.441879,53.477314,53.522522,53.560741,53.595867,53.632534,53.677994,53.710491,53.742069,53.783237,53.824066,53.859955"
10,48.8482551574707,"50.000000,50.000000,50.000000,50.000000,50.000000,50.000000,50.000000,50.000000,50.000000,50.000000,50.000000,50.000000,50.000000,50.000000,50.000000,50.000000,50.000000,50.000000,50.000000,50.000000,50.000000,50.000000,50.000000,50.000000,50.000000,50.000000,50.000000,50.000000,50.000000,50.000000,50.000000,50.000000,50.000000,50.000000,50.000000,50.000000,50.000000,50.000000,50.000000,50.000000,50.000000,50.000000,50.000000,50.000000,50.000000,50.000000,50.000000,50.000000,50.000000,50.000000,50.000000,50.000000,50.000000,50.000000,50.000000,50.000000,50.000000,50.000000,50.000000,50.000000,50.000000,50.000000,50.000000,50.000000,50.000000,50.000000,50.000000,50.000000,50.000000,50.000000,50.000000,50.000000,50.000000,50.000000,50.000000,50.000000,50.000000,50.000000,50.000000,50.000000,50.000000,50.000000,50.000000,50.000000,50.000000,50.000000,50.000000,50.000000,50.000000,50.000000,50.000000,50.000000,50.000000,50.000000,50.000000,50.000000,50.000000,50.000000,50.000000,50.000000,50.000000,50.000000,50.000000,50.000000,50.000000,50.000000,50.000000,50.000000,50.000000,50.000000,50.000000,50.000000,50.000000,50.000000,50.000000,50.000000,50.000000,50.000000,50.000000,50.000000,50.000000,50.000000,50.000000,50.000000,50.000000,50.000000,50.000000,50.000000,50.000000,50.000000,50.000000,50.000000,50.000000,50.000000,50.000000,50.000000,50.000000,50.000000,50.000000,50.000000,50.000000,50.000000,50.000000,50.000000,50.000000,50.000000,50.000000,50.000000,50.000000,50.000000,50.000000,50.000000,50.000000,50.000000,50.000000,50.000000,50.000000,50.000000,50.000000,50.000000,50.000000,50.000000,50.000000,50.000000,50.000000,50.000000,50.000000,50.000000,50.000000,50.000000,50.000000,50.000000,50.000000,50.000000,50.000000,50.000000,50.000000,50.000000,50.000000,50.000000,50.000000,50.000000,50.000000,50.000000,50.000000,50.000000,50.000000,50.000000,50.000000,50.000000,50.000000,50.000000,50.000000,50.000000,50.000000,50.000000,50.000000,50.000000,50.000000,50.000000",9.718080520629883,"53.892181,53.935474,53.971104,54.013603,54.045048,54.088890,54.135002,54.168873,54.209660,54.243065,54.288868,54.327606,54.366035,54.409492,54.443283,54.475140,54.507610,54.551399,54.587990,54.627277,54.671852,54.712543,54.746845,54.784180,54.824455,54.861816,54.904957,54.945385,54.980625,55.020771,55.061069,55.098305,55.135689,55.171745,55.204189,55.161530,55.130169,55.098827,55.055454,55.021027,54.978687,54.940453,54.909149,54.869682,54.827129,54.782379,54.740318,54.705254,54.662376,54.620697,54.588299,54.546917,54.513409,54.480606,54.447308,54.404995,54.360287,54.319859,54.275845,54.231731,54.196533,54.163795,54.117874,54.076015,54.039135,53.996147,53.964619,53.927261,53.881844,53.844009,53.806313,53.774395,53.739090,53.700672,53.659069,53.624123,53.583054,53.546398,53.508438,53.472870,53.427952,53.382092,53.338032,53.298244,53.260120,53.218094,53.179256,53.139729,53.106422,53.063118,53.016987,52.973316,52.942375,52.901447,52.864307,52.823414,52.789703,52.746464,52.709614,52.670704,52.625965,52.587948,52.553223,52.510303,52.464252,52.428032,52.395760,52.359325,52.320358,52.275982,52.244732,52.206837,52.167957,52.124561,52.092480,52.055275,52.011837,51.967590,51.932911,51.887379,51.842838,51.805573,51.765396,51.731743,51.700558,51.655529,51.617035,51.586079,51.549809,51.515091,51.478188,51.446064,51.408535,51.367573,51.334812,51.301731,51.257240,51.218376,51.185806,51.146801,51.114002,51.078602,51.047512,51.004993,50.965874,50.923889,50.889877,50.844002,50.805302,50.773518,50.739605,50.704315,50.661644,50.619316,50.583572,50.538891,50.506916,50.463024,50.427834,50.387398,50.342297,50.310566,50.271072,50.227535,50.186272,50.148109,50.111958,50.077362,50.036900,49.998024,49.958500,49.926640,49.887833,49.842007,49.805412,49.767948,49.731750,49.691425,49.647820,49.615025,49.573498,49.530190,49.488716,49.450413,49.412167,49.377060,49.339756,49.297314,49.266254,49.233189,49.190228,49.149269,49.105877,49.070637,49.037968,48.992290,48.960152,48.926056,48.890793,48.848255"
11,51.07200622558594,"50.000000,50.000000,50.000000,50.000000,50.000000,50.000000,50.000000,50.000000,50.000000,50.000000,50.000000,50.000000,50.000000,50.000000,50.000000,50.000000,50.000000,50.000000,50.000000,50.000000,50.000000,50.000000,50.000000,50.000000,50.000000,50.000000,50.000000,50.000000,50.000000,50.000000,50.000000,50.000000,50.000000,50.000000,50.000000,50.000000,50.000000,50.000000,50.000000,50.000000,50.000000,50.000000,50.000000,50.000000,50.000000,50.000000,50.000000,50.000000,50.000000,50.000000,50.000000,50.000000,50.000000,50.000000,50.000000,50.000000,50.000000,50.000000,50.000000,50.000000,50.000000,50.000000,50.000000,50.000000,50.000000,50.000000,50.000000,50.000000,50.000000,50.000000,50.000000,50.000000,50.000000,50.000000,50.000000,50.000000,50.000000,50.000000,50.000000,50.000000,50.000000,50.000000,50.000000,50.000000,50.000000,50.000000,50.000000,50.000000,50.000000,50.000000,50.000000,50.000000,50.000000,50.000000,50.000000,50.000000,50.000000,50.000000,50.000000,50.000000,50.000000,50.000000,50.000000,50.000000,50.000000,50.000000,50.000000,50.000000,50.000000,50.000000,50.000000,50.000000,50.000000,50.000000,50.000000,50.000000,50.000000,50.000000,50.000000,50.000000,50.000000,50.000000,50.000000,50.000000,50.000000,50.000000,50.000000,50.000000,50.000000,50.000000,50.000000,50.000000,50.000000,50.000000,50.000000,50.000000,50.000000,50.000000,50.000000,50.000000,50.000000,50.000000,50.000000,50.000000,50.000000,50.000000,50.000000,50.000000,50.000000,50.000000,50.000000,50.000000,50.000000,50.000000,50.000000,50.000000,50.000000,50.000000,50.000000,50.000000,50.000000,50.000000,50.000000,50.000000,50.000000,50.000000,50.000000,50.000000,50.000000,50.000000,50.000000,50.000000,50.000000,50.000000,50.000000,50.000000,50.000000,50.000000,50.000000,50.000000,50.000000,50.000000,50.000000,50.000000,50.000000,50.000000,50.000000,50.000000,50.000000,50.000000,50.000000,50.000000,50.000000,50.000000,50.000000,50.000000,50.000000,50.000000,50.000000,50.000000",5.146821022033691,"48.814926,48.777706,48.743225,48.706356,48.667473,48.631279,48.593117,48.559734,48.525448,48.489086,48.447609,48.415741,48.371433,48.325977,48.288082,48.254128,48.219215,48.174198,48.131718,48.093864,48.051941,48.014835,47.983334,47.942936,47.907383,47.874294,47.838524,47.797203,47.754528,47.718704,47.676849,47.643272,47.603802,47.558720,47.527279,47.494049,47.459656,47.419636,47.381351,47.349380,47.309059,47.276405,47.234444,47.189690,47.143383,47.108639,47.071392,47.029285,46.986965,46.947491,46.902153,46.870312,46.835457,46.797775,46.758217,46.714138,46.678001,46.642723,46.600861,46.561287,46.515598,46.480537,46.439949,46.407120,46.366028,46.321148,46.286152,46.250713,46.218021,46.176262,46.137405,46.092278,46.124950,46.167839,46.200340,46.244247,46.278000,46.311855,46.351955,46.388065,46.432598,46.469906,46.505600,46.539337,46.574200,46.620682,46.660561,46.702095,46.746891,46.780369,46.826046,46.864471,46.899113,46.945213,46.982986,47.017738,47.052845,47.085487,47.119045,47.153099,47.189880,47.228706,47.270210,47.306870,47.339596,47.377743,47.420750,47.466358,47.510193,47.547066,47.578583,47.625015,47.658680,47.701389,47.742760,47.784863,47.828693,47.860394,47.902828,47.934376,47.979477,48.022514,48.067307,48.109905,48.149532,48.189678,48.229103,48.262241,48.293579,48.330566,48.372524,48.412617,48.457497,48.499249,48.545326,48.579910,48.612007,48.643551,48.688263,48.726154,48.761635,48.792816,48.824390,48.864853,48.909004,48.955074,48.995831,49.027836,49.062912,49.107582,49.153080,49.186142,49.218746,49.255211,49.290428,49.330864,49.366070,49.409283,49.451115,49.491802,49.524162,49.556541,49.595909,49.628403,49.660496,49.706886,49.753319,49.798786,49.844284,49.887360,49.925945,49.972393,50.012360,50.045700,50.089161,50.131886,50.163395,50.202019,50.241997,50.282703,50.325851,50.361351,50.406303,50.448120,50.492714,50.535851,50.567902,50.611504,50.649593,50.690636,50.733440,50.774540,50.819035,50.855885,50.886860,50.919415,50.950489,50.990318,51.036110,51.072006"
12,50.94513702392578,"50.000000,50.000000,50.000000,50.000000,50.000000,50.000000,50.000000,50.000000,50.000000,50.000000,50.000000,50.000000,50.000000,50.000000,50.000000,50.000000,50.000000,50.000000,50.000000,50.000000,50.000000,50.000000,50.000000,50.000000,50.000000,50.000000,50.000000,50.000000,50.000000,50.000000,50.000000,50.000000,50.000000,50.000000,50.000000,50.000000,50.000000,50.000000,50.000000,50.000000,50.000000,50.000000,50.000000,50.000000,50.000000,50.000000,50.000000,50.000000,50.000000,50.000000,50.000000,50.000000,50.000000,50.000000,50.000000,50.000000,50.000000,50.000000,50.000000,50.000000,50.000000,50.000000,50.000000,50.000000,50.000000,50.000000,50.000000,50.000000,50.000000,50.000000,50.000000,50.000000,50.000000,50.000000,50.000000,50.000000,50.000000,50.000000,50.000000,50.000000,50.000000,50.000000,50.000000,50.000000,50.000000,50.000000,50.000000,50.000000,50.000000,50.000000,50.000000,50.000000,50.000000,50.000000,50.000000,50.000000,50.000000,50.000000,50.000000,50.000000,50.000000,50.000000,50.000000,50.000000,50.000000,50.000000,50.000000,50.000000,50.000000,50.000000,50.000000,50.000000,50.000000,50.000000,50.000000,50.000000,50.000000,50.000000,50.000000,50.000000,50.000000,50.000000,50.000000,50.000000,50.000000,50.000000,50.000000,50.000000,50.000000,50.000000,50.000000,50.000000,50.000000,50.000000,50.000000,50.000000,50.000000,50.000000,50.000000,50.000000,50.000000,50.000000,50.000000,50.000000,50.000000,50.000000,50.000000,50.000000,50.000000,50.000000,50.000000,50.000000,50.000000,50.000000,50.000000,50.000000,50.000000,50.000000,50.000000,50.000000,50.000000,50.000000,50.000000,50.000000,50.000000,50.000000,50.000000,50.000000,50.000000,50.000000,50.000000,50.000000,50.000000,50.000000,50.000000,50.000000,50.000000,50.000000,50.000000,50.000000,50.000000,50.000000,50.000000,50.000000,50.000000,50.000000,50.000000,50.000000,50.000000,50.000000,50.000000,50.000000,50.000000,50.000000,50.000000,50.000000,50.000000,50.000000,50.000000,50.000000",10.019309997558594,"51.113098,51.144577,51.180683,51.215271,51.246658,51.292030,51.331905,51.366676,51.405308,51.438385,51.481491,51.521961,51.566074,51.605598,51.637997,51.676529,51.708965,51.745522,51.791306,51.830879,51.866680,51.906982,51.948250,51.983925,52.021397,52.063435,52.101292,52.141960,52.178379,52.218639,52.252094,52.292881,52.333542,52.373383,52.419231,52.454483,52.497440,52.533848,52.576572,52.610367,52.645180,52.690533,52.722031,52.763897,52.797142,52.834167,52.875954,52.917580,52.952797,52.996758,53.038773,53.069763,53.109421,53.148998,53.187752,53.228813,53.265705,53.303215,53.341785,53.383015,53.426422,53.466919,53.510689,53.556534,53.602791,53.640839,53.683796,53.727142,53.763714,53.808819,53.852093,53.891891,53.924774,53.961784,54.007626,54.053608,54.098675,54.132294,54.167538,54.201077,54.246311,54.282856,54.324314,54.363327,54.396389,54.441429,54.475929,54.514385,54.549068,54.586716,54.618660,54.651447,54.691658,54.732128,54.765453,54.797737,54.833813,54.875256,54.907246,54.871994,54.827251,54.790066,54.746204,54.707806,54.668587,54.627098,54.587410,54.542645,54.501648,54.455326,54.414433,54.376411,54.333191,54.301388,54.264946,54.222801,54.190048,54.153481,54.110374,54.074810,54.042316,53.997265,53.959240,53.924728,53.884682,53.842644,53.799267,53.753895,53.707966,53.665352,53.625774,53.594727,53.563763,53.532539,53.496666,53.459969,53.423882,53.387520,53.343132,53.310184,53.265007,53.226185,53.192638,53.151909,53.109142,53.064381,53.024677,52.993023,52.948082,52.907452,52.862968,52.829628,52.794994,52.752041,52.720642,52.675175,52.629951,52.598953,52.561314,52.529839,52.493099,52.450809,52.407726,52.366978,52.321136,52.277641,52.231834,52.186108,52.151005,52.105110,52.071152,52.025200,51.988789,51.949009,51.917988,51.878410,51.838017,51.797390,51.765446,51.731522,51.686119,51.647083,51.605183,51.573444,51.534065,51.487995,51.454273,51.408272,51.377186,51.340450,51.302307,51.265469,51.219585,51.188206,51.155403,51.110291,51.073059,51.032749,50.990543,50.945137"
13,48.619197845458984,"50.000000,50.000000,50.000000,50.000000,50.000000,50.000000,50.000000,50.000000,50.000000,50.000000,50.000000,50.000000,50.000000,50.000000,50.000000,50.000000,50.000000,50.000000,50.000000,50.000000,50.000000,50.000000,50.000000,50.000000,50.000000,50.000000,50.000000,50.000000,50.000000,50.000000,50.000000,50.000000,50.000000,50.000000,50.000000,50.000000,50.000000,50.000000,50.000000,50.000000,50.000000,50.000000,50.000000,50.000000,50.000000,50.000000,50.000000,50.000000,50.000000,50.000000,50.000000,50.000000,50.000000,50.000000,50.000000,50.000000,50.000000,50.000000,50.000000,50.000000,50.000000,50.000000,50.000000,50.000000,50.000000,50.000000,50.000000,50.000000,50.000000,50.000000,50.000000,50.000000,50.000000,50.000000,50.000000,50.000000,50.000000,50.000000,50.000000,50.000000,50.000000,50.000000,50.000000,50.000000,50.000000,50.000000,50.000000,50.000000,50.000000,50.000000,50.000000,50.000000,50.000000,50.000000,50.000000,50.000000,50.000000,50.000000,50.000000,50.000000,50.000000,50.000000,50.000000,50.000000,50.000000,50.000000,50.000000,50.000000,50.000000,50.000000,50.000000,50.000000,50.000000,50.000000,50.000000,50.000000,50.000000,50.000000,50.000000,50.000000,50.000000,50.000000,50.000000,50.000000,50.000000,50.000000,50.000000,50.000000,50.000000,50.000000,50.000000,50.000000,50.000000,50.000000,50.000000,50.000000,50.000000,50.000000,50.000000,50.000000,50.000000,50.000000,50.000000,50.000000,50.000000,50.000000,50.000000,50.000000,50.000000,50.000000,50.000000,50.000000,50.000000,50.000000,50.000000,50.000000,50.000000,50.000000,50.000000,50.000000,50.000000,50.000000,50.000000,50.000000,50.000000,50.000000,50.000000,50.000000,50.000000,50.000000,50.000000,50.000000,50.000000,50.000000,50.000000,50.000000,50.000000,50.000000,50.000000,50.000000,50.000000,50.000000,50.000000,50.000000,50.000000,50.000000,50.000000,50.000000,50.000000,50.000000,50.000000,50.000000,50.000000,50.000000,50.000000,50.000000,50.000000,50.000000,50.000000,50.000000",5.60612154006958,"50.907036,50.875145,50.840847,50.802570,50.758526,50.723255,50.678436,50.632103,50.596363,50.563583,50.528709,50.485733,50.445297,50.412235,50.368484,50.331226,50.297268,50.255760,50.216942,50.175869,50.135696,50.101254,50.067993,50.034924,49.988747,49.954594,49.910877,49.879547,49.847961,49.814545,49.768673,49.733196,49.691631,49.647598,49.612774,49.572639,49.534977,49.502102,49.467068,49.424622,49.390366,49.355274,49.318428,49.275326,49.242584,49.209511,49.172741,49.138393,49.098389,49.061726,49.026836,48.992397,48.949200,48.912766,48.871433,48.834446,48.802315,48.758270,48.725082,48.690720,48.653316,48.612061,48.572712,48.533710,48.502438,48.460835,48.425293,48.390182,48.344471,48.306019,48.267536,48.232544,48.195835,48.151501,48.116165,48.079800,48.038326,48.002693,47.969090,47.937374,47.905605,47.865898,47.830105,47.785213,47.740120,47.703987,47.671345,47.639874,47.606419,47.564072,47.531662,47.487862,47.453148,47.411022,47.376663,47.335564,47.297310,47.262150,47.217537,47.186325,47.147442,47.112076,47.080124,47.048878,47.012844,46.980915,46.947742,46.904861,46.871883,46.829624,46.786118,46.742062,46.700966,46.658199,46.616928,46.572247,46.539963,46.506626,46.469784,46.433586,46.397053,46.359043,46.313110,46.279400,46.237556,46.200829,46.167820,46.125816,46.083221,46.047428,46.010742,45.964153,46.005894,46.044933,46.086155,46.126404,46.166042,46.210239,46.242924,46.286358,46.319210,46.361450,46.407295,46.444473,46.478340,46.521370,46.562401,46.601883,46.641800,46.675457,46.719688,46.761429,46.803196,46.835892,46.873466,46.911602,46.952236,46.983795,47.017242,47.063686,47.101109,47.137989,47.170609,47.213505,47.252987,47.289986,47.321476,47.355122,47.393612,47.433861,47.475204,47.511971,47.554779,47.597530,47.638992,47.682568,47.721199,47.762581,47.800293,47.834633,47.867897,47.906643,47.946728,47.984055,48.022278,48.055454,48.099720,48.142529,48.180965,48.217926,48.257717,48.289680,48.334255,48.378258,48.422802,48.461605,48.494259,48.540237,48.585480,48.619198"
14,54.03913879394531,"50.000000,50.000000,50.000000,50.000000,50.000000,50.000000,50.000000,50.000000,50.000000,50.000000,50.000000,50.000000,50.000000,50.000000,50.000000,50.000000,50.000000,50.000000,50.000000,50.000000,50.000000,50.000000,50.000000,50.000000,50.000000,50.000000,50.000000,50.000000,50.000000,50.000000,50.000000,50.000000,50.000000,50.000000,50.000000,50.000000,50.000000,50.000000,50.000000,50.000000,50.000000,50.000000,50.000000,50.000000,50.000000,50.000000,50.000000,50.000000,50.000000,50.000000,50.000000,50.000000,50.000000,50.000000,50.000000,50.000000,50.000000,50.000000,50.000000,50.000000,50.000000,50.000000,50.000000,50.000000,50.000000,50.000000,50.000000,50.000000,50.000000,50.000000,50.000000,50.000000,50.000000,50.000000,50.000000,50.000000,50.000000,50.000000,50.000000,50.000000,50.000000,50.000000,50.000000,50.000000,50.000000,50.000000,50.000000,50.000000,50.000000,50.000000,50.000000,50.000000,50.000000,50.000000,50.000000,50.000000,50.000000,50.000000,50.000000,50.000000,50.000000,50.000000,50.000000,50.000000,50.000000,50.000000,50.000000,50.000000,50.000000,50.000000,50.000000,50.000000,50.000000,50.000000,50.000000,50.000000,50.000000,50.000000,50.000000,50.000000,50.000000,50.000000,50.000000,50.000000,50.000000,50.000000,50.000000,50.000000,50.000000,50.000000,50.000000,50.000000,50.000000,50.000000,50.000000,50.000000,50.000000,50.000000,50.000000,50.000000,50.000000,50.000000,50.000000,50.000000,50.000000,50.000000,50.000000,50.000000,50.000000,50.000000,50.000000,50.000000,50.000000,50.000000,50.000000,50.000000,50.000000,50.000000,50.000000,50.000000,50.000000,50.000000,50.000000,50.000000,50.000000,50.000000,50.000000,50.000000,50.000000,50.000000,50.000000,50.000000,50.000000,50.000000,50.000000,50.000000,50.000000,50.000000,50.000000,50.000000,50.000000,50.000000,50.000000,50.000000,50.000000,50.000000,50.000000,50.000000,50.000000,50.000000,50.000000,50.000000,50.000000,50.000000,50.000000,50.000000,50.000000,50.000000,50.000000,50.000000",9.20394229888916,"48.658176,48.690556,48.726833,48.760117,48.794651,48.830154,48.864162,48.897148,48.928490,48.967731,49.000782,49.039051,49.083725,49.125217,49.160267,49.200611,49.234371,49.270542,49.304745,49.336193,49.382492,49.414299,49.447403,49.493382,49.538368,49.583736,49.617111,49.651424,49.691509,49.734222,49.775383,49.811123,49.845306,49.885109,49.919292,49.958366,49.995766,50.041851,50.075111,50.107323,50.140354,50.171974,50.217636,50.256989,50.288208,50.321022,50.358025,50.390289,50.422501,50.463905,50.508816,50.555058,50.599972,50.642799,50.676674,50.710922,50.752781,50.796795,50.832821,50.864502,50.908272,50.953182,50.985222,51.029591,51.073677,51.106258,51.140366,51.172462,51.213886,51.247845,51.291428,51.322655,51.358021,51.402897,51.445927,51.482929,51.522049,51.556156,51.602222,51.637363,51.676750,51.720570,51.760845,51.792480,51.825531,51.862007,51.906799,51.952637,51.995647,52.029041,52.075073,52.119404,52.157204,52.197994,52.242531,52.277225,52.311497,52.355949,52.389984,52.433754,52.469303,52.506210,52.551846,52.594494,52.637203,52.682133,52.716854,52.749855,52.789253,52.834591,52.872528,52.913200,52.952530,52.990696,53.036205,53.071434,53.107601,53.149906,53.183975,53.228298,53.271378,53.312672,53.346428,53.379227,53.410381,53.451984,53.496098,53.528343,53.565250,53.599003,53.640404,53.673756,53.707214,53.739964,53.781967,53.821556,53.867653,53.912651,53.957573,53.990414,54.026199,54.064632,54.103962,54.139858,54.172707,54.216984,54.254932,54.286610,54.320919,54.357719,54.394062,54.425568,54.466240,54.506058,54.545074,54.585789,54.624737,54.657772,54.697613,54.732708,54.775303,54.813396,54.853992,54.888531,54.930412,54.970776,55.002472,55.043736,55.081051,55.122601,55.155201,55.115620,55.073986,55.034122,54.988995,54.954330,54.919605,54.874744,54.833992,54.801651,54.765148,54.723534,54.686913,54.644962,54.608860,54.564438,54.526245,54.487919,54.456043,54.415371,54.378704,54.345760,54.310036,54.277206,54.237953,54.195980,54.161488,54.122292,54.085476,54.039139"
15,46.33387756347656,"50.000000,50.000000,50.000000,50.000000,50.000000,50.000000,50.000000,50.000000,50.000000,50.000000,50.000000,50.000000,50.000000,50.000000,50.000000,50.000000,50.000000,50.000000,50.000000,50.000000,50.000000,50.000000,50.000000,50.000000,50.000000,50.000000,50.000000,50.000000,50.000000,50.000000,50.000000,50.000000,50.000000,50.000000,50.000000,50.000000,50.000000,50.000000,50.000000,50.000000,50.000000,50.000000,50.000000,50.000000,50.000000,50.000000,50.000000,50.000000,50.000000,50.000000,50.000000,50.000000,50.000000,50.000000,50.000000,50.000000,50.000000,50.000000,50.000000,50.000000,50.000000,50.000000,50.000000,50.000000,50.000000,50.000000,50.000000,50.000000,50.000000,50.000000,50.000000,50.000000,50.000000,50.000000,50.000000,50.000000,50.000000,50.000000,50.000000,50.000000,50.000000,50.000000,50.000000,50.000000,50.000000,50.000000,50.000000,50.000000,50.000000,50.000000,50.000000,50.000000,50.000000,50.000000,50.000000,50.000000,50.000000,50.000000,50.000000,50.000000,50.000000,50.000000,50.000000,50.000000,50.000000,50.000000,50.000000,50.000000,50.000000,50.000000,50.000000,50.000000,50.000000,50.000000,50.000000,50.000000,50.000000,50.000000,50.000000,50.000000,50.000000,50.000000,50.000000,50.000000,50.000000,50.000000,50.000000,50.000000,50.000000,50.000000,50.000000,50.000000,50.000000,50.000000,50.000000,50.000000,50.000000,50.000000,50.000000,50.000000,50.000000,50.000000,50.000000,50.000000,50.000000,50.000000,50.000000,50.000000,50.000000,50.000000,50.000000,50.000000,50.000000,50.000000,50.000000,50.000000,50.000000,50.000000,50.000000,50.000000,50.000000,50.000000,50.000000,50.000000,50.000000,50.000000,50.000000,50.000000,50.000000,50.000000,50.000000,50.000000,50.000000,50.000000,50.000000,50.000000,50.000000,50.000000,50.000000,50.000000,50.000000,50.000000,50.000000,50.000000,50.000000,50.000000,50.000000,50.000000,50.000000,50.000000,50.000000,50.000000,50.000000,50.000000,50.000000,50.000000,50.000000,50.000000,50.000000,50.000000",4.97747802734375,"54.002476,53.969913,53.923695,53.878323,53.839397,53.803028,53.761871,53.729698,53.698269,53.665077,53.626938,53.588669,53.544533,53.499538,53.459167,53.424599,53.385700,53.340115,53.301506,53.269867,53.228371,53.183258,53.139019,53.102947,53.057419,53.015793,52.976372,52.939686,52.904858,52.871361,52.833237,52.792801,52.757309,52.715450,52.671768,52.633259,52.598011,52.556282,52.518017,52.481018,52.447819,52.414860,52.382984,52.349380,52.316814,52.273937,52.231869,52.197826,52.157192,52.112518,52.074127,52.034313,51.996983,51.956512,51.922535,51.886742,51.852982,51.808315,51.763985,51.729393,51.685036,51.653870,51.614552,51.574856,51.533325,51.498138,51.463577,51.429653,51.397663,51.359829,51.320358,51.288807,51.256199,51.222534,51.183311,51.146534,51.112762,51.072128,51.027843,50.994064,50.949890,50.916214,50.880405,50.843765,50.805336,50.769386,50.737766,50.701580,50.663960,50.625599,50.589375,50.551418,50.511566,50.474541,50.442249,50.399467,50.359398,50.325863,50.294273,50.251305,50.219452,50.184540,50.139126,50.101704,50.061710,50.017651,49.981560,49.938782,49.894588,49.852818,49.821648,49.780518,49.737186,49.695820,49.654434,49.611004,49.569740,49.532375,49.489086,49.443085,49.410313,49.364567,49.324162,49.287262,49.246033,49.202461,49.160713,49.115437,49.077641,49.039856,48.993683,48.950432,48.911728,48.875099,48.831432,48.800034,48.762951,48.724895,48.687534,48.648201,48.615036,48.571526,48.537247,48.500061,48.463474,48.417355,48.372139,48.338352,48.291882,48.250126,48.215332,48.177357,48.131626,48.093502,48.050671,48.018620,47.983688,47.951313,47.905754,47.864056,47.817635,47.785751,47.753342,47.713497,47.675201,47.629318,47.592598,47.557827,47.523849,47.479984,47.448540,47.412212,47.376617,47.337498,47.299301,47.266983,47.226116,47.188438,47.148258,47.108265,47.074951,47.040028,46.995476,46.949638,46.910748,46.875916,46.833965,46.795856,46.762470,46.724430,46.683315,46.646446,46.602600,46.557510,46.524193,46.492233,46.451317,46.405819,46.367001,46.333878"
16,53.80124282836914,"50.000000,50.000000,50.000000,50.000000,50.000000,50.000000,50.000000,50.000000,50.000000,50.000000,50.000000,50.000000,50.000000,50.000000,50.000000,50.000000,50.000000,50.000000,50.000000,50.000000,50.000000,50.000000,50.000000,50.000000,50.000000,50.000000,50.000000,50.000000,50.000000,50.000000,50.000000,50.000000,50.000000,50.000000,50.000000,50.000000,50.000000,50.000000,50.000000,50.000000,50.000000,50.000000,50.000000,50.000000,50.000000,50.000000,50.000000,50.000000,50.000000,50.000000,50.000000,50.000000,50.000000,50.000000,50.000000,50.000000,50.000000,50.000000,50.000000,50.000000,50.000000,50.000000,50.000000,50.000000,50.000000,50.000000,50.000000,50.000000,50.000000,50.000000,50.000000,50.000000,50.000000,50.000000,50.000000,50.000000,50.000000,50.000000,50.000000,50.000000,50.000000,50.000000,50.000000,50.000000,50.000000,50.000000,50.000000,50.000000,50.000000,50.000000,50.000000,50.000000,50.000000,50.000000,50.000000,50.000000,50.000000,50.000000,50.000000,50.000000,50.000000,50.000000,50.000000,50.000000,50.000000,50.000000,50.000000,50.000000,50.000000,50.000000,50.000000,50.000000,50.000000,50.000000,50.000000,50.000000,50.000000,50.000000,50.000000,50.000000,50.000000,50.000000,50.000000,50.000000,50.000000,50.000000,50.000000,50.000000,50.000000,50.000000,50.000000,50.000000,50.000000,50.000000,50.000000,50.000000,50.000000,50.000000,50.000000,50.000000,50.000000,50.000000,50.000000,50.000000,50.000000,50.000000,50.000000,50.000000,50.000000,50.000000,50.000000,50.000000,50.000000,50.000000,50.000000,50.000000,50.000000,50.000000,50.000000,50.000000,50.000000,50.000000,50.000000,50.000000,50.000000,50.000000,50.000000,50.000000,50.000000,50.000000,50.000000,50.000000,50.000000,50.000000,50.000000,50.000000,50.000000,50.000000,50.000000,50.000000,50.000000,50.000000,50.000000,50.000000,50.000000,50.000000,50.000000,50.000000,50.000000,50.000000,50.000000,50.000000,50.000000,50.000000,50.000000,50.000000,50.000000,50.000000,50.000000,50.000000",4.9889631271362305,"46.300404,46.331600,46.299889,46.343227,46.387909,46.430786,46.475567,46.515007,46.546913,46.583462,46.621372,46.667088,46.698517,46.740807,46.779129,46.810223,46.847080,46.885338,46.929272,46.967850,47.005722,47.043621,47.082584,47.127056,47.161957,47.193394,47.236240,47.272537,47.307621,47.343094,47.380432,47.413231,47.448551,47.479954,47.512653,47.545891,47.592030,47.627808,47.662056,47.699730,47.737648,47.773865,47.811989,47.845100,47.887058,47.922543,47.956936,47.993832,48.026375,48.062832,48.095684,48.132114,48.170818,48.208107,48.245998,48.286297,48.325825,48.359829,48.401203,48.438442,48.473572,48.507839,48.543766,48.586891,48.631660,48.663502,48.705013,48.746208,48.787827,48.831055,48.873989,48.905155,48.943771,48.976612,49.018185,49.049217,49.090870,49.136497,49.176975,49.221645,49.260246,49.305660,49.351868,49.383259,49.424271,49.457420,49.494499,49.534073,49.577309,49.608322,49.646366,49.687141,49.730183,49.774292,49.817436,49.856934,49.902615,49.945107,49.982506,50.023533,50.060364,50.097668,50.132416,50.171978,50.218151,50.249210,50.280544,50.325603,50.369968,50.406769,50.440990,50.473831,50.504856,50.549393,50.593662,50.626846,50.661724,50.703499,50.740913,50.775581,50.820057,50.858322,50.894970,50.926224,50.964195,50.998196,51.032902,51.064079,51.103638,51.138393,51.179459,51.219189,51.253613,51.297989,51.333027,51.365738,51.409851,51.450974,51.496216,51.540802,51.584656,51.622711,51.659397,51.691410,51.724586,51.767906,51.802284,51.844765,51.877632,51.909031,51.950573,51.996460,52.033138,52.065121,52.107265,52.148933,52.186344,52.221851,52.253529,52.286407,52.322361,52.357468,52.394157,52.431587,52.472893,52.504341,52.536461,52.571411,52.606922,52.640511,52.681561,52.717033,52.759338,52.795364,52.841545,52.877689,52.910160,52.945271,52.981869,53.021626,53.066582,53.103844,53.139439,53.179401,53.223061,53.257435,53.292591,53.331516,53.372265,53.408627,53.440392,53.480343,53.524132,53.563049,53.599255,53.643280,53.678696,53.722466,53.765766,53.801243"
17,49.966121673583984,"50.000000,50.000000,50.000000,50.000000,50.000000,50.000000,50.000000,50.000000,50.000000,50.000000,50.000000,50.000000,50.000000,50.000000,50.000000,50.000000,50.000000,50.000000,50.000000,50.000000,50.000000,50.000000,50.000000,50.000000,50.000000,50.000000,50.000000,50.000000,50.000000,50.000000,50.000000,50.000000,50.000000,50.000000,50.000000,50.000000,50.000000,50.000000,50.000000,50.000000,50.000000,50.000000,50.000000,50.000000,50.000000,50.000000,50.000000,50.000000,50.000000,50.000000,50.000000,50.000000,50.000000,50.000000,50.000000,50.000000,50.000000,50.000000,50.000000,50.000000,50.000000,50.000000,50.000000,50.000000,50.000000,50.000000,50.000000,50.000000,50.000000,50.000000,50.000000,50.000000,50.000000,50.000000,50.000000,50.000000,50.000000,50.000000,50.000000,50.000000,50.000000,50.000000,50.000000,50.000000,50.000000,50.000000,50.000000,50.000000,50.000000,50.000000,50.000000,50.000000,50.000000,50.000000,50.000000,50.000000,50.000000,50.000000,50.000000,50.000000,50.000000,50.000000,50.000000,50.000000,50.000000,50.000000,50.000000,50.000000,50.000000,50.000000,50.000000,50.000000,50.000000,50.000000,50.000000,50.000000,50.000000,50.000000,50.000000,50.000000,50.000000,50.000000,50.000000,50.000000,50.000000,50.000000,50.000000,50.000000,50.000000,50.000000,50.000000,50.000000,50.000000,50.000000,50.000000,50.000000,50.000000,50.000000,50.000000,50.000000,50.000000,50.000000,50.000000,50.000000,50.000000,50.000000,50.000000,50.000000,50.000000,50.000000,50.000000,50.000000,50.000000,50.000000,50.000000,50.000000,50.000000,50.000000,50.000000,50.000000,50.000000,50.000000,50.000000,50.000000,50.000000,50.000000,50.000000,50.000000,50.000000,50.000000,50.000000,50.000000,50.000000,50.000000,50.000000,50.000000,50.000000,50.000000,50.000000,50.000000,50.000000,50.000000,50.000000,50.000000,50.000000,50.000000,50.000000,50.000000,50.000000,50.000000,50.000000,50.000000,50.000000,50.000000,50.000000,50.000000,50.000000,50.000000,50.000000,50.000000",5.934860706329346,"53.844509,53.877399,53.923664,53.958462,53.993668,54.038498,54.072262,54.111359,54.142551,54.185806,54.221016,54.254311,54.299015,54.338009,54.382282,54.416130,54.454193,54.494358,54.536617,54.578815,54.611324,54.566822,54.521061,54.487022,54.453671,54.408749,54.372581,54.326736,54.283497,54.237793,54.192337,54.157448,54.119049,54.072891,54.040649,54.003574,53.959389,53.924755,53.881329,53.849880,53.817413,53.777710,53.735909,53.693005,53.651447,53.616184,53.572556,53.531590,53.486034,53.449825,53.406662,53.368084,53.327873,53.285931,53.245766,53.203682,53.165028,53.126087,53.080605,53.044842,53.013248,52.975048,52.930840,52.895702,52.853882,52.812496,52.780182,52.740383,52.699154,52.660702,52.618431,52.583900,52.542274,52.506447,52.460835,52.428173,52.396786,52.350658,52.313499,52.275646,52.230495,52.193848,52.154179,52.111301,52.068207,52.022327,51.979080,51.934406,51.901146,51.869049,51.836594,51.798904,51.756771,51.718048,51.684669,51.642082,51.601387,51.565651,51.534599,51.488625,51.449860,51.407791,51.367882,51.329834,51.285843,51.248722,51.217533,51.178345,51.138184,51.100979,51.062035,51.029121,50.983551,50.951221,50.911266,50.870346,50.824326,50.793339,50.750317,50.706894,50.673428,50.640617,50.609428,50.572823,50.539097,50.501068,50.468117,50.425644,50.383129,50.349499,50.313797,50.272022,50.237034,50.202789,50.156757,50.199856,50.159920,50.123405,50.092308,50.060753,50.025356,49.993641,49.948444,49.985645,49.952763,49.995811,49.956726,49.996990,49.953167,49.993557,49.952351,49.985455,49.951851,49.983543,49.945843,49.977188,49.939758,49.979954,49.940235,49.973930,49.928402,49.970833,49.932861,49.978802,49.945423,49.982521,49.942684,49.982361,49.937241,49.976894,49.931587,49.976608,49.938293,49.970325,49.939034,49.977058,49.932541,49.975605,49.934834,49.980442,49.939743,49.984795,49.948765,49.980198,49.934994,49.969673,49.937160,49.982525,49.939713,49.977150,49.938396,49.979294,49.938881,49.973900,49.927841,49.965458,49.927616,49.969326,49.933609,49.966122"
18,49.93650436401367,"50.000000,50.000000,50.000000,50.000000,50.000000,50.000000,50.000000,50.000000,50.000000,50.000000,50.000000,50.000000,50.000000,50.000000,50.000000,50.000000,50.000000,50.000000,50.000000,50.000000,50.000000,50.000000,50.000000,50.000000,50.000000,50.000000,50.000000,50.000000,50.000000,50.000000,50.000000,50.000000,50.000000,50.000000,50.000000,50.000000,50.000000,50.000000,50.000000,50.000000,50.000000,50.000000,50.000000,50.000000,50.000000,50.000000,50.000000,50.000000,50.000000,50.000000,50.000000,50.000000,50.000000,50.000000,50.000000,50.000000,50.000000,50.000000,50.000000,50.000000,50.000000,50.000000,50.000000,50.000000,50.000000,50.000000,50.000000,50.000000,50.000000,50.000000,50.000000,50.000000,50.000000,50.000000,50.000000,50.000000,50.000000,50.000000,50.000000,50.000000,50.000000,50.000000,50.000000,50.000000,50.000000,50.000000,50.000000,50.000000,50.000000,50.000000,50.000000,50.000000,50.000000,50.000000,50.000000,50.000000,50.000000,50.000000,50.000000,50.000000,50.000000,50.000000,50.000000,50.000000,50.000000,50.000000,50.000000,50.000000,50.000000,50.000000,50.000000,50.000000,50.000000,50.000000,50.000000,50.000000,50.000000,50.000000,50.000000,50.000000,50.000000,50.000000,50.000000,50.000000,50.000000,50.000000,50.000000,50.000000,50.000000,50.000000,50.000000,50.000000,50.000000,50.000000,50.000000,50.000000,50.000000,50.000000,50.000000,50.000000,50.000000,50.000000,50.000000,50.000000,50.000000,50.000000,50.000000,50.000000,50.000000,50.000000,50.000000,50.000000,50.000000,50.000000,50.000000,50.000000,50.000000,50.000000,50.000000,50.000000,50.000000,50.000000,50.000000,50.000000,50.000000,50.000000,50.000000,50.000000,50.000000,50.000000,50.000000,50.000000,50.000000,50.000000,50.000000,50.000000,50.000000,50.000000,50.000000,50.000000,50.000000,50.000000,50.000000,50.000000,50.000000,50.000000,50.000000,50.000000,50.000000,50.000000,50.000000,50.000000,50.000000,50.000000,50.000000,50.000000,50.000000,50.000000,50.000000,50.000000",0.002741617150604725,"49.933208,49.969372,49.931889,49.965141,49.932144,49.966583,49.934772,49.972595,49.935959,49.972591,49.940968,49.974556,49.938705,49.982521,49.943272,49.988159,49.949570,49.982620,49.948582,49.992207,49.950245,49.985291,49.940800,49.978703,49.945847,49.983589,49.949360,49.989010,49.954540,49.996769,49.965744,49.920864,49.965340,49.920757,49.958668,49.927284,49.962727,49.921917,49.962582,49.920338,49.963814,49.922684,49.965199,49.932587,49.978699,50.019936,49.986977,49.952538,49.992165,49.946510,49.989124,49.947502,49.992615,49.951042,49.991428,49.953335,49.993176,49.957684,50.003487,50.039585,49.995171,50.040787,50.001392,50.043606,50.001060,50.047386,50.081383,50.038036,50.079773,50.042610,50.074955,50.043003,50.010311,49.965481,50.004581,49.962734,50.000790,49.967838,50.013535,49.978607,50.013744,49.968838,50.009586,49.968548,50.001617,49.968945,50.010338,49.966347,49.997684,49.952591,49.984188,49.948059,49.979580,49.946163,49.987846,49.942123,49.981766,49.950188,49.986759,49.940334,49.985432,49.940899,49.986164,49.949837,49.990105,49.958893,49.919411,49.956665,49.925312,49.967079,49.928638,49.967407,49.924328,49.967102,49.931126,49.965878,49.925076,49.967529,49.932899,49.967281,49.928959,49.969742,49.924152,49.968544,49.936489,49.972080,49.926193,49.964745,49.932301,49.972672,49.940269,49.980625,49.943604,49.985344,49.947098,49.979038,49.933369,49.969128,49.932449,49.974667,49.936016,49.973335,49.930614,49.964417,49.921410,49.967239,50.002819,49.971085,49.933823,49.969925,49.936199,49.968517,49.926495,49.971699,49.940113,49.985126,49.951920,49.984821,49.942135,49.977364,49.932568,49.965668,49.926842,49.969589,49.929848,49.966625,49.925476,49.961159,49.922333,49.953819,49.922741,49.956429,49.917969,49.954220,49.909702,49.951015,49.910652,49.942791,49.901756,49.934212,49.896595,49.940632,49.901611,49.944759,49.910709,49.950371,49.911743,49.944889,49.900906,49.943413,49.904594,49.948956,49.909622,49.940819,49.899406,49.933044,49.899124,49.936798,49.892826,49.936504"
19,49.96622085571289,"50.000000,50.000000,50.000000,50.000000,50.000000,50.000000,50.000000,50.000000,50.000000,50.000000,50.000000,50.000000,50.000000,50.000000,50.000000,50.000000,50.000000,50.000000,50.000000,50.000000,50.000000,50.000000,50.000000,50.000000,50.000000,50.000000,50.000000,50.000000,50.000000,50.000000,50.000000,50.000000,50.000000,50.000000,50.000000,50.000000,50.000000,50.000000,50.000000,50.000000,50.000000,50.000000,50.000000,50.000000,50.000000,50.000000,50.000000,50.000000,50.000000,50.000000,50.000000,50.000000,50.000000,50.000000,50.000000,50.000000,50.000000,50.000000,50.000000,50.000000,50.000000,50.000000,50.000000,50.000000,50.000000,50.000000,50.000000,50.000000,50.000000,50.000000,50.000000,50.000000,50.000000,50.000000,50.000000,50.000000,50.000000,50.000000,50.000000,50.000000,50.000000,50.000000,50.000000,50.000000,50.000000,50.000000,50.000000,50.000000,50.000000,50.000000,50.000000,50.000000,50.000000,50.000000,50.000000,50.000000,50.000000,50.000000,50.000000,50.000000,50.000000,50.000000,50.000000,50.000000,50.000000,50.000000,50.000000,50.000000,50.000000,50.000000,50.000000,50.000000,50.000000,50.000000,50.000000,50.000000,50.000000,50.000000,50.000000,50.000000,50.000000,50.000000,50.000000,50.000000,50.000000,50.000000,50.000000,50.000000,50.000000,50.000000,50.000000,50.000000,50.000000,50.000000,50.000000,50.000000,50.000000,50.000000,50.000000,50.000000,50.000000,50.000000,50.000000,50.000000,50.000000,50.000000,50.000000,50.000000,50.000000,50.000000,50.000000,50.000000,50.000000,50.000000,50.000000,50.000000,50.000000,50.000000,50.000000,50.000000,50.000000,50.000000,50.000000,50.000000,50.000000,50.000000,50.000000,50.000000,50.000000,50.000000,50.000000,50.000000,50.000000,50.000000,50.000000,50.000000,50.000000,50.000000,50.000000,50.000000,50.000000,50.000000,50.000000,50.000000,50.000000,50.000000,50.000000,50.000000,50.000000,50.000000,50.000000,50.000000,50.000000,50.000000,50.000000,50.000000,50.000000,50.000000,50.000000,50.000000",0.00296125584281981,"49.900188,49.936451,49.892166,49.926754,49.883377,49.926598,49.893887,49.932495,49.893326,49.935814,49.891457,49.923923,49.891548,49.934067,49.898590,49.940479,49.898552,49.934772,49.901371,49.939796,49.895565,49.936886,49.891060,49.922417,49.880165,49.925556,49.957100,49.922256,49.954227,49.921459,49.962154,49.921177,49.956421,49.920151,49.965893,50.002247,49.967072,50.011578,49.972847,50.018040,50.055527,50.020985,49.977680,50.009621,49.970116,50.004131,49.967594,50.000034,49.961384,50.005146,49.973839,49.937225,49.973541,49.937103,49.977249,49.941891,49.977127,49.933353,49.972275,49.938107,49.969940,49.930420,49.966339,49.931370,49.975826,49.936680,49.971405,49.936596,49.978355,49.942539,49.984669,49.945705,49.989815,49.958309,49.990482,49.959164,50.002159,49.964687,50.009018,49.974735,50.020123,50.052414,50.009850,50.047455,50.005421,50.042812,50.005981,50.037537,49.994461,50.028835,49.984413,50.029472,50.073647,50.037666,50.077950,50.041756,50.073109,50.036095,50.079498,50.041485,50.076176,50.044346,50.000248,50.033424,49.989487,50.033867,49.990818,50.023376,49.988800,50.027138,49.992374,50.031879,49.989307,50.031998,49.988255,50.019981,49.982224,50.013832,49.970715,50.015842,50.051968,50.011772,50.045906,50.009727,50.051502,50.018471,49.982727,50.017056,49.971447,50.002838,49.960598,50.001400,49.969639,50.008209,49.961929,50.000217,49.961784,50.005470,49.962952,49.997047,49.963688,49.998222,49.963497,50.004578,49.972252,50.007683,49.972939,50.008171,49.965725,50.000278,49.960701,50.000534,49.969074,49.930492,49.971954,49.926151,49.970718,49.931561,49.970837,49.931114,49.972111,49.934124,49.967239,49.933140,49.970882,49.926243,49.960831,49.916180,49.960178,49.920517,49.956020,49.913086,49.950504,49.909668,49.953854,49.908424,49.952229,49.908092,49.948868,49.913021,49.953903,49.918743,49.963142,49.916676,49.953857,49.916187,49.953125,49.920052,49.963531,49.927910,49.959030,49.923347,49.957516,49.911591,49.943249,49.897179,49.929607,49.886589,49.931583,49.966221"
