avg_control,epoch,final_output,ground_truth,kd,ki,kp,max_control,mse,predictions
0.06040389835834503,0,0.21593597531318665,"0.700000,0.700000,0.700000,0.700000,0.700000,0.700000,0.700000,0.700000,0.700000,0.700000,0.700000,0.700000,0.700000,0.700000,0.700000,0.700000,0.700000,0.700000,0.700000,0.700000,0.700000,0.700000,0.700000,0.700000,0.700000,0.700000,0.700000,0.700000,0.700000,0.700000,0.700000,0.700000,0.700000,0.700000,0.700000,0.700000,0.700000,0.700000,0.700000,0.700000,0.700000,0.700000,0.700000,0.700000,0.700000,0.700000,0.700000,0.700000,0.700000,0.700000",0.009909874759614468,0.010194042697548866,0.10109074413776398,0.5460900664329529,0.24020282924175262,"0.200000,0.204662,0.204782,0.205058,0.205289,0.205493,0.205677,0.205863,0.206147,0.206325,0.206683,0.206927,0.207253,0.207432,0.207638,0.207870,0.208165,0.208349,0.208605,0.208800,0.208967,0.209156,0.209393,0.209736,0.210055,0.210241,0.210462,0.210783,0.211134,0.211363,0.211630,0.211844,0.212014,0.212261,0.212588,0.212769,0.212980,0.213145,0.213319,0.213547,0.213719,0.213889,0.214063,0.214307,0.214518,0.214814,0.215013,0.215372,0.215678,0.215936"
0.052521638572216034,1,0.22922468185424805,"0.700000,0.700000,0.700000,0.700000,0.700000,0.700000,0.700000,0.700000,0.700000,0.700000,0.700000,0.700000,0.700000,0.700000,0.700000,0.700000,0.700000,0.700000,0.700000,0.700000,0.700000,0.700000,0.700000,0.700000,0.700000,0.700000,0.700000,0.700000,0.700000,0.700000,0.700000,0.700000,0.700000,0.700000,0.700000,0.700000,0.700000,0.700000,0.700000,0.700000,0.700000,0.700000,0.700000,0.700000,0.700000,0.700000,0.700000,0.700000,0.700000,0.700000",0.009852123446762562,0.010929799638688564,0.10216987878084183,0.053106505423784256,0.22803588211536407,"0.216256,0.216448,0.216690,0.216888,0.217223,0.217434,0.217734,0.218071,0.218333,0.218529,0.218809,0.218989,0.219194,0.219537,0.219809,0.220084,0.220361,0.220535,0.220811,0.221144,0.221411,0.221754,0.222015,0.222282,0.222580,0.222923,0.223115,0.223327,0.223624,0.223963,0.224233,0.224514,0.224786,0.225030,0.225250,0.225472,0.225828,0.226009,0.226237,0.226479,0.226710,0.227066,0.227249,0.227516,0.227735,0.228037,0.228309,0.228670,0.228942,0.229225"
0.05483934283256531,2,0.24395298957824707,"0.700000,0.700000,0.700000,0.700000,0.700000,0.700000,0.700000,0.700000,0.700000,0.700000,0.700000,0.700000,0.700000,0.700000,0.700000,0.700000,0.700000,0.700000,0.700000,0.700000,0.700000,0.700000,0.700000,0.700000,0.700000,0.700000,0.700000,0.700000,0.700000,0.700000,0.700000,0.700000,0.700000,0.700000,0.700000,0.700000,0.700000,0.700000,0.700000,0.700000,0.700000,0.700000,0.700000,0.700000,0.700000,0.700000,0.700000,0.700000,0.700000,0.700000",0.009790198877453804,0.012159543111920357,0.10318692028522491,0.055521052330732346,0.21488723158836365,"0.229592,0.229795,0.230140,0.230514,0.230894,0.231120,0.231350,0.231622,0.231967,0.232187,0.232497,0.232707,0.232972,0.233267,0.233639,0.233990,0.234352,0.234563,0.234871,0.235068,0.235365,0.235695,0.235915,0.236217,0.236454,0.236815,0.237042,0.237388,0.237688,0.237910,0.238156,0.238541,0.238920,0.239163,0.239443,0.239796,0.240152,0.240448,0.240701,0.241088,0.241461,0.241713,0.241933,0.242190,0.242474,0.242746,0.243106,0.243460,0.243713,0.243953"
0.05790043994784355,3,0.25893354415893555,"0.700000,0.700000,0.700000,0.700000,0.700000,0.700000,0.700000,0.700000,0.700000,0.700000,0.700000,0.700000,0.700000,0.700000,0.700000,0.700000,0.700000,0.700000,0.700000,0.700000,0.700000,0.700000,0.700000,0.700000,0.700000,0.700000,0.700000,0.700000,0.700000,0.700000,0.700000,0.700000,0.700000,0.700000,0.700000,0.700000,0.700000,0.700000,0.700000,0.700000,0.700000,0.700000,0.700000,0.700000,0.700000,0.700000,0.700000,0.700000,0.700000,0.700000",0.009730963967740536,0.013834656216204166,0.10414085537195206,0.05870400369167328,0.2015276551246643,"0.244178,0.244389,0.244703,0.245103,0.245379,0.245682,0.245959,0.246275,0.246591,0.246815,0.247070,0.247340,0.247650,0.248057,0.248342,0.248607,0.248851,0.249222,0.249463,0.249845,0.250194,0.250493,0.250787,0.251000,0.251336,0.251656,0.251949,0.252222,0.252469,0.252734,0.253092,0.253426,0.253731,0.254129,0.254541,0.254889,0.255134,0.255352,0.255667,0.255917,0.256175,0.256490,0.256771,0.256990,0.257361,0.257770,0.258044,0.258381,0.258700,0.258934"
0.06185440719127655,4,0.2751666307449341,"0.700000,0.700000,0.700000,0.700000,0.700000,0.700000,0.700000,0.700000,0.700000,0.700000,0.700000,0.700000,0.700000,0.700000,0.700000,0.700000,0.700000,0.700000,0.700000,0.700000,0.700000,0.700000,0.700000,0.700000,0.700000,0.700000,0.700000,0.700000,0.700000,0.700000,0.700000,0.700000,0.700000,0.700000,0.700000,0.700000,0.700000,0.700000,0.700000,0.700000,0.700000,0.700000,0.700000,0.700000,0.700000,0.700000,0.700000,0.700000,0.700000,0.700000",0.00966980867087841,0.015903636813163757,0.10503024607896805,0.06268099695444107,0.18787261843681335,"0.259250,0.259520,0.259949,0.260286,0.260566,0.260946,0.261194,0.261483,0.261844,0.262185,0.262457,0.262801,0.263187,0.263481,0.263742,0.264108,0.264505,0.264755,0.265020,0.265460,0.265715,0.266059,0.266339,0.266662,0.266916,0.267282,0.267700,0.267975,0.268379,0.268631,0.268918,0.269240,0.269683,0.270013,0.270297,0.270554,0.270814,0.271086,0.271520,0.271822,0.272089,0.272374,0.272716,0.273014,0.273388,0.273802,0.274194,0.274464,0.274830,0.275167"
0.06674370914697647,5,0.2938990294933319,"0.700000,0.700000,0.700000,0.700000,0.700000,0.700000,0.700000,0.700000,0.700000,0.700000,0.700000,0.700000,0.700000,0.700000,0.700000,0.700000,0.700000,0.700000,0.700000,0.700000,0.700000,0.700000,0.700000,0.700000,0.700000,0.700000,0.700000,0.700000,0.700000,0.700000,0.700000,0.700000,0.700000,0.700000,0.700000,0.700000,0.700000,0.700000,0.700000,0.700000,0.700000,0.700000,0.700000,0.700000,0.700000,0.700000,0.700000,0.700000,0.700000,0.700000",0.009604648686945438,0.018307587131857872,0.10585101693868637,0.06753598153591156,0.17336009442806244,"0.275514,0.275877,0.276314,0.276615,0.276927,0.277364,0.277713,0.278111,0.278570,0.278888,0.279216,0.279598,0.280001,0.280287,0.280747,0.281061,0.281359,0.281664,0.282056,0.282392,0.282818,0.283236,0.283579,0.283960,0.284245,0.284642,0.284928,0.285226,0.285539,0.285877,0.286318,0.286655,0.286956,0.287348,0.287649,0.287944,0.288381,0.288803,0.289173,0.289596,0.289893,0.290345,0.290820,0.291227,0.291649,0.292123,0.292552,0.293033,0.293465,0.293899"
0.07245957851409912,6,0.3154909312725067,"0.700000,0.700000,0.700000,0.700000,0.700000,0.700000,0.700000,0.700000,0.700000,0.700000,0.700000,0.700000,0.700000,0.700000,0.700000,0.700000,0.700000,0.700000,0.700000,0.700000,0.700000,0.700000,0.700000,0.700000,0.700000,0.700000,0.700000,0.700000,0.700000,0.700000,0.700000,0.700000,0.700000,0.700000,0.700000,0.700000,0.700000,0.700000,0.700000,0.700000,0.700000,0.700000,0.700000,0.700000,0.700000,0.700000,0.700000,0.700000,0.700000,0.700000",0.009533020667731762,0.0209724809974432,0.10659471899271011,0.07335517555475235,0.15707053244113922,"0.294222,0.294627,0.294979,0.295390,0.295800,0.296187,0.296558,0.297049,0.297407,0.297855,0.298203,0.298628,0.298993,0.299496,0.299937,0.300388,0.300755,0.301235,0.301720,0.302248,0.302633,0.303081,0.303589,0.304087,0.304455,0.304866,0.305290,0.305756,0.306246,0.306683,0.307165,0.307631,0.308011,0.308494,0.308939,0.309360,0.309866,0.310267,0.310681,0.311089,0.311453,0.311911,0.312410,0.312777,0.313281,0.313692,0.314217,0.314579,0.315095,0.315491"
0.07897334545850754,7,0.33958420157432556,"0.700000,0.700000,0.700000,0.700000,0.700000,0.700000,0.700000,0.700000,0.700000,0.700000,0.700000,0.700000,0.700000,0.700000,0.700000,0.700000,0.700000,0.700000,0.700000,0.700000,0.700000,0.700000,0.700000,0.700000,0.700000,0.700000,0.700000,0.700000,0.700000,0.700000,0.700000,0.700000,0.700000,0.700000,0.700000,0.700000,0.700000,0.700000,0.700000,0.700000,0.700000,0.700000,0.700000,0.700000,0.700000,0.700000,0.700000,0.700000,0.700000,0.700000",0.00945818517357111,0.023821892216801643,0.10725589096546173,0.07985846698284149,0.13962474465370178,"0.315837,0.316265,0.316814,0.317326,0.317864,0.318294,0.318772,0.319158,0.319736,0.320132,0.320682,0.321159,0.321682,0.322143,0.322629,0.323051,0.323546,0.323939,0.324441,0.325022,0.325406,0.325866,0.326378,0.326774,0.327198,0.327658,0.328051,0.328456,0.328914,0.329409,0.329845,0.330377,0.330872,0.331397,0.331887,0.332462,0.332941,0.333474,0.334044,0.334464,0.335001,0.335413,0.335952,0.336439,0.337007,0.337566,0.338117,0.338697,0.339113,0.339584"
0.0860259011387825,8,0.36700060963630676,"0.700000,0.700000,0.700000,0.700000,0.700000,0.700000,0.700000,0.700000,0.700000,0.700000,0.700000,0.700000,0.700000,0.700000,0.700000,0.700000,0.700000,0.700000,0.700000,0.700000,0.700000,0.700000,0.700000,0.700000,0.700000,0.700000,0.700000,0.700000,0.700000,0.700000,0.700000,0.700000,0.700000,0.700000,0.700000,0.700000,0.700000,0.700000,0.700000,0.700000,0.700000,0.700000,0.700000,0.700000,0.700000,0.700000,0.700000,0.700000,0.700000,0.700000",0.009378064423799515,0.02676549181342125,0.10782917588949203,0.08681005984544754,0.12106115370988846,"0.340126,0.340651,0.341184,0.341775,0.342257,0.342828,0.343281,0.343856,0.344408,0.344872,0.345360,0.345887,0.346417,0.346969,0.347527,0.347983,0.348609,0.349223,0.349843,0.350319,0.350890,0.351496,0.352069,0.352615,0.353233,0.353715,0.354331,0.354805,0.355251,0.355834,0.356402,0.356933,0.357546,0.358107,0.358728,0.359344,0.359938,0.360489,0.360954,0.361508,0.362029,0.362628,0.363133,0.363695,0.364142,0.364646,0.365260,0.365757,0.366396,0.367001"
0.0933639332652092,9,0.3975012004375458,"0.700000,0.700000,0.700000,0.700000,0.700000,0.700000,0.700000,0.700000,0.700000,0.700000,0.700000,0.700000,0.700000,0.700000,0.700000,0.700000,0.700000,0.700000,0.700000,0.700000,0.700000,0.700000,0.700000,0.700000,0.700000,0.700000,0.700000,0.700000,0.700000,0.700000,0.700000,0.700000,0.700000,0.700000,0.700000,0.700000,0.700000,0.700000,0.700000,0.700000,0.700000,0.700000,0.700000,0.700000,0.700000,0.700000,0.700000,0.700000,0.700000,0.700000",0.009297235868871212,0.029710855334997177,0.10831184685230255,0.09399456530809402,0.10192559659481049,"0.367476,0.368056,0.368666,0.369233,0.369821,0.370454,0.371135,0.371729,0.372294,0.372889,0.373409,0.374007,0.374574,0.375238,0.375780,0.376457,0.377048,0.377642,0.378279,0.378788,0.379487,0.380090,0.380721,0.381350,0.381856,0.382506,0.383058,0.383690,0.384223,0.384783,0.385405,0.386015,0.386590,0.387269,0.387882,0.388410,0.389064,0.389695,0.390397,0.391029,0.391719,0.392395,0.393013,0.393648,0.394339,0.395024,0.395679,0.396238,0.396898,0.397501"
0.10057590156793594,10,0.43067407608032227,"0.700000,0.700000,0.700000,0.700000,0.700000,0.700000,0.700000,0.700000,0.700000,0.700000,0.700000,0.700000,0.700000,0.700000,0.700000,0.700000,0.700000,0.700000,0.700000,0.700000,0.700000,0.700000,0.700000,0.700000,0.700000,0.700000,0.700000,0.700000,0.700000,0.700000,0.700000,0.700000,0.700000,0.700000,0.700000,0.700000,0.700000,0.700000,0.700000,0.700000,0.700000,0.700000,0.700000,0.700000,0.700000,0.700000,0.700000,0.700000,0.700000,0.700000",0.00921690184623003,0.03255835175514221,0.10870270431041718,0.10105200856924057,0.08254428952932358,"0.398091,0.398696,0.399400,0.400014,0.400772,0.401368,0.401937,0.402664,0.403300,0.404032,0.404603,0.405267,0.405934,0.406536,0.407263,0.408015,0.408758,0.409354,0.410045,0.410700,0.411287,0.411924,0.412644,0.413324,0.413966,0.414646,0.415251,0.415891,0.416599,0.417242,0.417884,0.418565,0.419244,0.419940,0.420682,0.421397,0.421965,0.422535,0.423261,0.423869,0.424580,0.425238,0.425806,0.426480,0.427193,0.427935,0.428640,0.429256,0.429973,0.430674"
0.10735012590885162,11,0.4659866988658905,"0.700000,0.700000,0.700000,0.700000,0.700000,0.700000,0.700000,0.700000,0.700000,0.700000,0.700000,0.700000,0.700000,0.700000,0.700000,0.700000,0.700000,0.700000,0.700000,0.700000,0.700000,0.700000,0.700000,0.700000,0.700000,0.700000,0.700000,0.700000,0.700000,0.700000,0.700000,0.700000,0.700000,0.700000,0.700000,0.700000,0.700000,0.700000,0.700000,0.700000,0.700000,0.700000,0.700000,0.700000,0.700000,0.700000,0.700000,0.700000,0.700000,0.700000",0.009141415357589722,0.03521756827831268,0.10900592803955078,0.10761220008134842,0.06405189633369446,"0.431255,0.431957,0.432623,0.433319,0.434042,0.434729,0.435442,0.436093,0.436756,0.437445,0.438201,0.438831,0.439623,0.440428,0.441135,0.441792,0.442462,0.443262,0.444028,0.444734,0.445493,0.446189,0.446813,0.447553,0.448229,0.448873,0.449552,0.450303,0.451070,0.451748,0.452504,0.453153,0.453879,0.454676,0.455297,0.455942,0.456601,0.457333,0.458042,0.458669,0.459404,0.460040,0.460796,0.461587,0.462397,0.463057,0.463751,0.464508,0.465266,0.465987"
0.11310601979494095,12,0.5042042136192322,"0.700000,0.700000,0.700000,0.700000,0.700000,0.700000,0.700000,0.700000,0.700000,0.700000,0.700000,0.700000,0.700000,0.700000,0.700000,0.700000,0.700000,0.700000,0.700000,0.700000,0.700000,0.700000,0.700000,0.700000,0.700000,0.700000,0.700000,0.700000,0.700000,0.700000,0.700000,0.700000,0.700000,0.700000,0.700000,0.700000,0.700000,0.700000,0.700000,0.700000,0.700000,0.700000,0.700000,0.700000,0.700000,0.700000,0.700000,0.700000,0.700000,0.700000",0.009069840423762798,0.037590838968753815,0.10922648757696152,0.11322539299726486,0.046619947999715805,"0.466783,0.467644,0.468445,0.469265,0.470126,0.470806,0.471558,0.472375,0.473141,0.473979,0.474687,0.475429,0.476124,0.476879,0.477724,0.478489,0.479334,0.480124,0.480795,0.481547,0.482346,0.483087,0.483816,0.484616,0.485393,0.486110,0.486882,0.487616,0.488405,0.489144,0.489971,0.490702,0.491435,0.492178,0.492844,0.493647,0.494348,0.495135,0.495839,0.496659,0.497464,0.498133,0.498982,0.499694,0.500519,0.501294,0.502007,0.502723,0.503520,0.504204"
0.11762779206037521,13,0.5430231094360352,"0.700000,0.700000,0.700000,0.700000,0.700000,0.700000,0.700000,0.700000,0.700000,0.700000,0.700000,0.700000,0.700000,0.700000,0.700000,0.700000,0.700000,0.700000,0.700000,0.700000,0.700000,0.700000,0.700000,0.700000,0.700000,0.700000,0.700000,0.700000,0.700000,0.700000,0.700000,0.700000,0.700000,0.700000,0.700000,0.700000,0.700000,0.700000,0.700000,0.700000,0.700000,0.700000,0.700000,0.700000,0.700000,0.700000,0.700000,0.700000,0.700000,0.700000",0.00901020783931017,0.03960653394460678,0.10937514156103134,0.11802909523248672,0.03145604953169823,"0.504914,0.505628,0.506373,0.507169,0.508039,0.508794,0.509673,0.510570,0.511329,0.512051,0.512801,0.513654,0.514472,0.515196,0.516058,0.516834,0.517568,0.518400,0.519195,0.520020,0.520832,0.521570,0.522292,0.523012,0.523901,0.524633,0.525489,0.526183,0.526882,0.527604,0.528487,0.529233,0.530058,0.530914,0.531650,0.532456,0.533228,0.533939,0.534677,0.535511,0.536237,0.536975,0.537735,0.538575,0.539279,0.539989,0.540747,0.541472,0.542270,0.543023"
0.12038478255271912,14,0.5843826532363892,"0.700000,0.700000,0.700000,0.700000,0.700000,0.700000,0.700000,0.700000,0.700000,0.700000,0.700000,0.700000,0.700000,0.700000,0.700000,0.700000,0.700000,0.700000,0.700000,0.700000,0.700000,0.700000,0.700000,0.700000,0.700000,0.700000,0.700000,0.700000,0.700000,0.700000,0.700000,0.700000,0.700000,0.700000,0.700000,0.700000,0.700000,0.700000,0.700000,0.700000,0.700000,0.700000,0.700000,0.700000,0.700000,0.700000,0.700000,0.700000,0.700000,0.700000",0.008961143903434277,0.04119207710027695,0.10946381837129593,0.1212816834449768,0.018822647631168365,"0.543754,0.544657,0.545507,0.546396,0.547268,0.548127,0.549005,0.549895,0.550805,0.551613,0.552501,0.553320,0.554056,0.554834,0.555694,0.556484,0.557360,0.558202,0.559070,0.559973,0.560682,0.561580,0.562459,0.563171,0.563897,0.564618,0.565492,0.566353,0.567138,0.567890,0.568661,0.569502,0.570361,0.571147,0.572006,0.572800,0.573615,0.574318,0.575186,0.576066,0.576935,0.577821,0.578524,0.579311,0.580201,0.581068,0.581881,0.582755,0.583629,0.584383"
0.1212756335735321,15,0.6242226958274841,"0.700000,0.700000,0.700000,0.700000,0.700000,0.700000,0.700000,0.700000,0.700000,0.700000,0.700000,0.700000,0.700000,0.700000,0.700000,0.700000,0.700000,0.700000,0.700000,0.700000,0.700000,0.700000,0.700000,0.700000,0.700000,0.700000,0.700000,0.700000,0.700000,0.700000,0.700000,0.700000,0.700000,0.700000,0.700000,0.700000,0.700000,0.700000,0.700000,0.700000,0.700000,0.700000,0.700000,0.700000,0.700000,0.700000,0.700000,0.700000,0.700000,0.700000",0.008928203955292702,0.042306285351514816,0.10950737446546555,0.12247326225042343,0.009304444305598736,"0.585092,0.585831,0.586747,0.587649,0.588466,0.589251,0.590098,0.590826,0.591546,0.592288,0.593093,0.593899,0.594779,0.595670,0.596499,0.597254,0.598064,0.598959,0.599763,0.600477,0.601318,0.602204,0.603077,0.603845,0.604734,0.605572,0.606380,0.607152,0.607900,0.608631,0.609420,0.610239,0.610992,0.611828,0.612685,0.613474,0.614222,0.615052,0.615837,0.616604,0.617322,0.618036,0.618736,0.619458,0.620165,0.621005,0.621832,0.622555,0.623364,0.624223"
0.12022823095321655,16,0.6638113260269165,"0.700000,0.700000,0.700000,0.700000,0.700000,0.700000,0.700000,0.700000,0.700000,0.700000,0.700000,0.700000,0.700000,0.700000,0.700000,0.700000,0.700000,0.700000,0.700000,0.700000,0.700000,0.700000,0.700000,0.700000,0.700000,0.700000,0.700000,0.700000,0.700000,0.700000,0.700000,0.700000,0.700000,0.700000,0.700000,0.700000,0.700000,0.700000,0.700000,0.700000,0.700000,0.700000,0.700000,0.700000,0.700000,0.700000,0.700000,0.700000,0.700000,0.700000",0.008910063654184341,0.04293382912874222,0.10952229052782059,0.12170960009098053,0.003271000925451517,"0.624999,0.625894,0.626597,0.627335,0.628054,0.628796,0.629512,0.630297,0.631177,0.631996,0.632797,0.633496,0.634380,0.635121,0.635914,0.636799,0.637607,0.638398,0.639114,0.639899,0.640692,0.641484,0.642261,0.642966,0.643794,0.644666,0.645388,0.646196,0.647017,0.647833,0.648623,0.649472,0.650286,0.651150,0.651996,0.652834,0.653505,0.654310,0.655133,0.655910,0.656684,0.657479,0.658248,0.659081,0.659798,0.660599,0.661413,0.662193,0.663028,0.663811"
0.11716585606336594,17,0.7011528611183167,"0.700000,0.700000,0.700000,0.700000,0.700000,0.700000,0.700000,0.700000,0.700000,0.700000,0.700000,0.700000,0.700000,0.700000,0.700000,0.700000,0.700000,0.700000,0.700000,0.700000,0.700000,0.700000,0.700000,0.700000,0.700000,0.700000,0.700000,0.700000,0.700000,0.700000,0.700000,0.700000,0.700000,0.700000,0.700000,0.700000,0.700000,0.700000,0.700000,0.700000,0.700000,0.700000,0.700000,0.700000,0.700000,0.700000,0.700000,0.700000,0.700000,0.700000",0.008906183764338493,0.04307188838720322,0.10952366888523102,0.11889217048883438,0.0004050432180520147,"0.664641,0.665470,0.666126,0.666930,0.667727,0.668398,0.669213,0.669957,0.670803,0.671490,0.672282,0.673097,0.673763,0.674504,0.675174,0.675980,0.676728,0.677449,0.678142,0.678835,0.679652,0.680465,0.681293,0.681968,0.682634,0.683450,0.684150,0.684975,0.685764,0.686584,0.687400,0.688078,0.688801,0.689624,0.690264,0.690968,0.691762,0.692431,0.693214,0.693839,0.694478,0.695210,0.695968,0.696738,0.697489,0.698159,0.698936,0.699677,0.700476,0.701153"
0.11250409483909607,18,0.7343205213546753,"0.700000,0.700000,0.700000,0.700000,0.700000,0.700000,0.700000,0.700000,0.700000,0.700000,0.700000,0.700000,0.700000,0.700000,0.700000,0.700000,0.700000,0.700000,0.700000,0.700000,0.700000,0.700000,0.700000,0.700000,0.700000,0.700000,0.700000,0.700000,0.700000,0.700000,0.700000,0.700000,0.700000,0.700000,0.700000,0.700000,0.700000,0.700000,0.700000,0.700000,0.700000,0.700000,0.700000,0.700000,0.700000,0.700000,0.700000,0.700000,0.700000,0.700000",0.008914009667932987,0.042762380093336105,0.10952530801296234,0.11435728520154953,0.0004389348905533552,"0.701920,0.702651,0.703332,0.704100,0.704721,0.705472,0.706076,0.706781,0.707446,0.708164,0.708762,0.709518,0.710168,0.710789,0.711482,0.712088,0.712771,0.713527,0.714148,0.714766,0.715488,0.716215,0.716967,0.717653,0.718253,0.718941,0.719557,0.720219,0.720836,0.721462,0.722033,0.722782,0.723375,0.724118,0.724794,0.725364,0.726071,0.726760,0.727397,0.728103,0.728701,0.729391,0.730000,0.730578,0.731139,0.731762,0.732341,0.732939,0.733580,0.734321"
0.10644610971212387,19,0.7646874785423279,"0.700000,0.700000,0.700000,0.700000,0.700000,0.700000,0.700000,0.700000,0.700000,0.700000,0.700000,0.700000,0.700000,0.700000,0.700000,0.700000,0.700000,0.700000,0.700000,0.700000,0.700000,0.700000,0.700000,0.700000,0.700000,0.700000,0.700000,0.700000,0.700000,0.700000,0.700000,0.700000,0.700000,0.700000,0.700000,0.700000,0.700000,0.700000,0.700000,0.700000,0.700000,0.700000,0.700000,0.700000,0.700000,0.700000,0.700000,0.700000,0.700000,0.700000",0.00893078651279211,0.04205361753702164,0.10953741520643234,0.10858060419559479,0.0026317888405174017,"0.734919,0.735581,0.736281,0.736962,0.737648,0.738214,0.738762,0.739387,0.740015,0.740588,0.741282,0.741981,0.742517,0.743086,0.743660,0.744235,0.744891,0.745536,0.746079,0.746695,0.747376,0.747951,0.748651,0.749352,0.750002,0.750520,0.751218,0.751769,0.752458,0.752981,0.753555,0.754183,0.754824,0.755388,0.755893,0.756519,0.757066,0.757583,0.758175,0.758682,0.759287,0.759821,0.760468,0.761141,0.761734,0.762379,0.762932,0.763595,0.764173,0.764687"
0.0992848202586174,20,0.790963351726532,"0.700000,0.700000,0.700000,0.700000,0.700000,0.700000,0.700000,0.700000,0.700000,0.700000,0.700000,0.700000,0.700000,0.700000,0.700000,0.700000,0.700000,0.700000,0.700000,0.700000,0.700000,0.700000,0.700000,0.700000,0.700000,0.700000,0.700000,0.700000,0.700000,0.700000,0.700000,0.700000,0.700000,0.700000,0.700000,0.700000,0.700000,0.700000,0.700000,0.700000,0.700000,0.700000,0.700000,0.700000,0.700000,0.700000,0.700000,0.700000,0.700000,0.700000",0.008952963165938854,0.04100286588072777,0.10956700146198273,0.10150699317455292,0.006295680999755859,"0.765170,0.765695,0.766227,0.766718,0.767347,0.767956,0.768517,0.769103,0.769729,0.770245,0.770782,0.771292,0.771739,0.772357,0.772843,0.773352,0.773843,0.774467,0.775089,0.775639,0.776092,0.776550,0.777009,0.777625,0.778190,0.778693,0.779187,0.779779,0.780322,0.780857,0.781316,0.781786,0.782243,0.782700,0.783314,0.783741,0.784288,0.784714,0.785280,0.785789,0.786378,0.786844,0.787364,0.787938,0.788481,0.788904,0.789484,0.789911,0.790392,0.790963"
0.09142137318849564,21,0.8127421736717224,"0.700000,0.700000,0.700000,0.700000,0.700000,0.700000,0.700000,0.700000,0.700000,0.700000,0.700000,0.700000,0.700000,0.700000,0.700000,0.700000,0.700000,0.700000,0.700000,0.700000,0.700000,0.700000,0.700000,0.700000,0.700000,0.700000,0.700000,0.700000,0.700000,0.700000,0.700000,0.700000,0.700000,0.700000,0.700000,0.700000,0.700000,0.700000,0.700000,0.700000,0.700000,0.700000,0.700000,0.700000,0.700000,0.700000,0.700000,0.700000,0.700000,0.700000",0.008977256715297699,0.0396789088845253,0.10961753129959106,0.09342179447412491,0.010686425492167473,"0.791560,0.792085,0.792525,0.793036,0.793549,0.793915,0.794364,0.794847,0.795320,0.795747,0.796107,0.796524,0.796902,0.797256,0.797651,0.798116,0.798543,0.798981,0.799499,0.800043,0.800558,0.801037,0.801548,0.801991,0.802419,0.802897,0.803235,0.803613,0.803954,0.804364,0.804730,0.805197,0.805599,0.805943,0.806407,0.806744,0.807191,0.807679,0.808030,0.808381,0.808903,0.809383,0.809902,0.810229,0.810657,0.811157,0.811540,0.811936,0.812396,0.812742"
0.08323633670806885,22,0.8304681777954102,"0.700000,0.700000,0.700000,0.700000,0.700000,0.700000,0.700000,0.700000,0.700000,0.700000,0.700000,0.700000,0.700000,0.700000,0.700000,0.700000,0.700000,0.700000,0.700000,0.700000,0.700000,0.700000,0.700000,0.700000,0.700000,0.700000,0.700000,0.700000,0.700000,0.700000,0.700000,0.700000,0.700000,0.700000,0.700000,0.700000,0.700000,0.700000,0.700000,0.700000,0.700000,0.700000,0.700000,0.700000,0.700000,0.700000,0.700000,0.700000,0.700000,0.700000",0.009000767953693867,0.03815297782421112,0.10968909412622452,0.08517064154148102,0.015102622099220753,"0.813244,0.813639,0.813982,0.814258,0.814679,0.814998,0.815390,0.815826,0.816141,0.816564,0.816833,0.817200,0.817478,0.817750,0.818031,0.818486,0.818857,0.819279,0.819673,0.819954,0.820329,0.820631,0.820915,0.821201,0.821559,0.821816,0.822212,0.822641,0.822955,0.823281,0.823713,0.824122,0.824558,0.824895,0.825267,0.825524,0.825927,0.826189,0.826604,0.826929,0.827210,0.827576,0.827972,0.828349,0.828730,0.828989,0.829387,0.829702,0.830065,0.830468"
0.07499271631240845,23,0.8436510562896729,"0.700000,0.700000,0.700000,0.700000,0.700000,0.700000,0.700000,0.700000,0.700000,0.700000,0.700000,0.700000,0.700000,0.700000,0.700000,0.700000,0.700000,0.700000,0.700000,0.700000,0.700000,0.700000,0.700000,0.700000,0.700000,0.700000,0.700000,0.700000,0.700000,0.700000,0.700000,0.700000,0.700000,0.700000,0.700000,0.700000,0.700000,0.700000,0.700000,0.700000,0.700000,0.700000,0.700000,0.700000,0.700000,0.700000,0.700000,0.700000,0.700000,0.700000",0.009021635167300701,0.03648889809846878,0.10978007316589355,0.07689569145441055,0.019178271293640137,"0.830840,0.831059,0.831376,0.831726,0.832048,0.832331,0.832592,0.832928,0.833160,0.833411,0.833706,0.834030,0.834273,0.834520,0.834707,0.835017,0.835352,0.835565,0.835750,0.835999,0.836266,0.836582,0.836792,0.837029,0.837342,0.837645,0.837840,0.838103,0.838425,0.838596,0.838868,0.839218,0.839506,0.839713,0.839950,0.840130,0.840468,0.840712,0.840908,0.841237,0.841466,0.841736,0.842017,0.842175,0.842495,0.842833,0.843011,0.843160,0.843354,0.843651"
0.06700373440980911,24,0.853287935256958,"0.700000,0.700000,0.700000,0.700000,0.700000,0.700000,0.700000,0.700000,0.700000,0.700000,0.700000,0.700000,0.700000,0.700000,0.700000,0.700000,0.700000,0.700000,0.700000,0.700000,0.700000,0.700000,0.700000,0.700000,0.700000,0.700000,0.700000,0.700000,0.700000,0.700000,0.700000,0.700000,0.700000,0.700000,0.700000,0.700000,0.700000,0.700000,0.700000,0.700000,0.700000,0.700000,0.700000,0.700000,0.700000,0.700000,0.700000,0.700000,0.700000,0.700000",0.009038751944899559,0.0347488671541214,0.10988649725914001,0.06873787939548492,0.022423505783081055,"0.843980,0.844140,0.844244,0.844511,0.844771,0.844908,0.845196,0.845374,0.845475,0.845738,0.845836,0.846025,0.846157,0.846289,0.846552,0.846809,0.847059,0.847313,0.847590,0.847831,0.847920,0.848093,0.848196,0.848369,0.848546,0.848732,0.848828,0.849043,0.849222,0.849400,0.849629,0.849886,0.850135,0.850408,0.850642,0.850823,0.851086,0.851278,0.851378,0.851597,0.851771,0.851915,0.852171,0.852401,0.852640,0.852769,0.852991,0.853075,0.853187,0.853288"
0.0594966858625412,25,0.8587179183959961,"0.700000,0.700000,0.700000,0.700000,0.700000,0.700000,0.700000,0.700000,0.700000,0.700000,0.700000,0.700000,0.700000,0.700000,0.700000,0.700000,0.700000,0.700000,0.700000,0.700000,0.700000,0.700000,0.700000,0.700000,0.700000,0.700000,0.700000,0.700000,0.700000,0.700000,0.700000,0.700000,0.700000,0.700000,0.700000,0.700000,0.700000,0.700000,0.700000,0.700000,0.700000,0.700000,0.700000,0.700000,0.700000,0.700000,0.700000,0.700000,0.700000,0.700000",0.009049995802342892,0.032989367842674255,0.11000369489192963,0.06104935333132744,0.024684786796569824,"0.853536,0.853570,0.853650,0.853693,0.853893,0.854044,0.854143,0.854235,0.854295,0.854405,0.854559,0.854704,0.854761,0.854790,0.854948,0.855020,0.855096,0.855181,0.855235,0.855430,0.855610,0.855748,0.855850,0.855913,0.856111,0.856239,0.856301,0.856477,0.856539,0.856667,0.856765,0.856850,0.857047,0.857237,0.857302,0.857434,0.857490,0.857541,0.857645,0.857732,0.857789,0.857910,0.857958,0.858147,0.858195,0.858233,0.858252,0.858401,0.858583,0.858718"
0.052660368382930756,26,0.860386848449707,"0.700000,0.700000,0.700000,0.700000,0.700000,0.700000,0.700000,0.700000,0.700000,0.700000,0.700000,0.700000,0.700000,0.700000,0.700000,0.700000,0.700000,0.700000,0.700000,0.700000,0.700000,0.700000,0.700000,0.700000,0.700000,0.700000,0.700000,0.700000,0.700000,0.700000,0.700000,0.700000,0.700000,0.700000,0.700000,0.700000,0.700000,0.700000,0.700000,0.700000,0.700000,0.700000,0.700000,0.700000,0.700000,0.700000,0.700000,0.700000,0.700000,0.700000",0.009055502712726593,0.0312587209045887,0.11012610048055649,0.053981635719537735,0.025777429342269897,"0.858799,0.858769,0.858883,0.858918,0.858897,0.858875,0.858909,0.859021,0.858975,0.858965,0.858963,0.858906,0.859040,0.859173,0.859206,0.859238,0.859370,0.859469,0.859412,0.859465,0.859419,0.859371,0.859503,0.859575,0.859671,0.859726,0.859809,0.859752,0.859882,0.859882,0.859896,0.859839,0.859817,0.859866,0.859989,0.860005,0.860111,0.860050,0.860155,0.860147,0.860143,0.860217,0.860326,0.860332,0.860321,0.860310,0.860310,0.860323,0.860421,0.860387"
0.04653820022940636,27,0.8595439195632935,"0.700000,0.700000,0.700000,0.700000,0.700000,0.700000,0.700000,0.700000,0.700000,0.700000,0.700000,0.700000,0.700000,0.700000,0.700000,0.700000,0.700000,0.700000,0.700000,0.700000,0.700000,0.700000,0.700000,0.700000,0.700000,0.700000,0.700000,0.700000,0.700000,0.700000,0.700000,0.700000,0.700000,0.700000,0.700000,0.700000,0.700000,0.700000,0.700000,0.700000,0.700000,0.700000,0.700000,0.700000,0.700000,0.700000,0.700000,0.700000,0.700000,0.700000",0.009056697599589825,0.029591623693704605,0.1102488711476326,0.04768459498882294,0.02585231326520443,"0.860383,0.860285,0.860226,0.860152,0.860207,0.860180,0.860070,0.860055,0.860079,0.860054,0.860127,0.860009,0.860062,0.860030,0.860062,0.860087,0.860162,0.860188,0.860224,0.860158,0.860119,0.860156,0.860187,0.860187,0.860183,0.860090,0.860126,0.860132,0.860023,0.859937,0.859838,0.859711,0.859775,0.859666,0.859661,0.859596,0.859592,0.859623,0.859599,0.859595,0.859572,0.859611,0.859607,0.859473,0.859458,0.859500,0.859498,0.859502,0.859550,0.859544"
0.04124294966459274,28,0.854895830154419,"0.700000,0.700000,0.700000,0.700000,0.700000,0.700000,0.700000,0.700000,0.700000,0.700000,0.700000,0.700000,0.700000,0.700000,0.700000,0.700000,0.700000,0.700000,0.700000,0.700000,0.700000,0.700000,0.700000,0.700000,0.700000,0.700000,0.700000,0.700000,0.700000,0.700000,0.700000,0.700000,0.700000,0.700000,0.700000,0.700000,0.700000,0.700000,0.700000,0.700000,0.700000,0.700000,0.700000,0.700000,0.700000,0.700000,0.700000,0.700000,0.700000,0.700000",0.009052416309714317,0.028019357472658157,0.1103675439953804,0.04201137274503708,0.024990687146782875,"0.859537,0.859532,0.859429,0.859342,0.859248,0.859084,0.858992,0.859003,0.858872,0.858745,0.858621,0.858608,0.858540,0.858425,0.858280,0.858281,0.858118,0.858012,0.857992,0.857928,0.857758,0.857692,0.857588,0.857482,0.857430,0.857394,0.857239,0.857096,0.857064,0.856890,0.856896,0.856806,0.856660,0.856657,0.856477,0.856326,0.856199,0.856021,0.855999,0.855817,0.855649,0.855553,0.855498,0.855360,0.855266,0.855180,0.855095,0.855070,0.854976,0.854896"
0.03671855479478836,29,0.849264919757843,"0.700000,0.700000,0.700000,0.700000,0.700000,0.700000,0.700000,0.700000,0.700000,0.700000,0.700000,0.700000,0.700000,0.700000,0.700000,0.700000,0.700000,0.700000,0.700000,0.700000,0.700000,0.700000,0.700000,0.700000,0.700000,0.700000,0.700000,0.700000,0.700000,0.700000,0.700000,0.700000,0.700000,0.700000,0.700000,0.700000,0.700000,0.700000,0.700000,0.700000,0.700000,0.700000,0.700000,0.700000,0.700000,0.700000,0.700000,0.700000,0.700000,0.700000",0.009046313352882862,0.02655816823244095,0.11047833412885666,0.0374440997838974,0.02333100698888302,"0.854749,0.854623,0.854521,0.854354,0.854324,0.854286,0.854096,0.853976,0.853889,0.853703,0.853667,0.853561,0.853508,0.853450,0.853314,0.853202,0.853085,0.852890,0.852798,0.852698,0.852494,0.852422,0.852272,0.852229,0.852130,0.852091,0.851968,0.851833,0.851729,0.851529,0.851468,0.851323,0.851169,0.851143,0.850956,0.850798,0.850698,0.850503,0.850435,0.850374,0.850269,0.850083,0.850023,0.849860,0.849801,0.849717,0.849551,0.849477,0.849372,0.849265"
0.03301981836557388,30,0.8403158783912659,"0.700000,0.700000,0.700000,0.700000,0.700000,0.700000,0.700000,0.700000,0.700000,0.700000,0.700000,0.700000,0.700000,0.700000,0.700000,0.700000,0.700000,0.700000,0.700000,0.700000,0.700000,0.700000,0.700000,0.700000,0.700000,0.700000,0.700000,0.700000,0.700000,0.700000,0.700000,0.700000,0.700000,0.700000,0.700000,0.700000,0.700000,0.700000,0.700000,0.700000,0.700000,0.700000,0.700000,0.700000,0.700000,0.700000,0.700000,0.700000,0.700000,0.700000",0.009035725146532059,0.02522524632513523,0.11057861894369125,0.03343918174505234,0.02112211100757122,"0.849189,0.849041,0.848810,0.848647,0.848410,0.848196,0.848110,0.847940,0.847706,0.847529,0.847411,0.847169,0.847063,0.846816,0.846685,0.846507,0.846302,0.846073,0.845828,0.845616,0.845409,0.845180,0.844934,0.844700,0.844548,0.844320,0.844241,0.844131,0.844043,0.843976,0.843745,0.843594,0.843344,0.843137,0.842919,0.842812,0.842604,0.842509,0.842277,0.842040,0.841786,0.841664,0.841543,0.841444,0.841196,0.841121,0.840966,0.840750,0.840537,0.840316"
0.0300263874232769,31,0.8310559988021851,"0.700000,0.700000,0.700000,0.700000,0.700000,0.700000,0.700000,0.700000,0.700000,0.700000,0.700000,0.700000,0.700000,0.700000,0.700000,0.700000,0.700000,0.700000,0.700000,0.700000,0.700000,0.700000,0.700000,0.700000,0.700000,0.700000,0.700000,0.700000,0.700000,0.700000,0.700000,0.700000,0.700000,0.700000,0.700000,0.700000,0.700000,0.700000,0.700000,0.700000,0.700000,0.700000,0.700000,0.700000,0.700000,0.700000,0.700000,0.700000,0.700000,0.700000",0.009024904109537601,0.024024469777941704,0.11066646128892899,0.030383888632059097,0.018502961844205856,"0.840063,0.839901,0.839727,0.839614,0.839361,0.839249,0.838984,0.838779,0.838521,0.838291,0.838103,0.837955,0.837760,0.837671,0.837522,0.837262,0.837047,0.836832,0.836590,0.836402,0.836287,0.836200,0.836002,0.835771,0.835597,0.835365,0.835119,0.834839,0.834591,0.834336,0.834195,0.834062,0.833964,0.833757,0.833622,0.833503,0.833368,0.833265,0.833019,0.832857,0.832650,0.832427,0.832230,0.832044,0.831871,0.831682,0.831478,0.831354,0.831168,0.831056"
0.02764907293021679,32,0.8202001452445984,"0.700000,0.700000,0.700000,0.700000,0.700000,0.700000,0.700000,0.700000,0.700000,0.700000,0.700000,0.700000,0.700000,0.700000,0.700000,0.700000,0.700000,0.700000,0.700000,0.700000,0.700000,0.700000,0.700000,0.700000,0.700000,0.700000,0.700000,0.700000,0.700000,0.700000,0.700000,0.700000,0.700000,0.700000,0.700000,0.700000,0.700000,0.700000,0.700000,0.700000,0.700000,0.700000,0.700000,0.700000,0.700000,0.700000,0.700000,0.700000,0.700000,0.700000",0.009013191796839237,0.02295452542603016,0.11074184626340866,0.027859419584274292,0.01588342897593975,"0.830848,0.830542,0.830341,0.830189,0.829986,0.829870,0.829574,0.829322,0.829158,0.828860,0.828737,0.828552,0.828370,0.828078,0.827793,0.827517,0.827280,0.827155,0.826851,0.826711,0.826430,0.826301,0.826018,0.825820,0.825711,0.825464,0.825259,0.824979,0.824800,0.824574,0.824392,0.824234,0.824109,0.823810,0.823513,0.823385,0.823104,0.822885,0.822583,0.822368,0.822132,0.821834,0.821617,0.821451,0.821276,0.820989,0.820748,0.820603,0.820373,0.820200"
0.025860343128442764,33,0.8091998100280762,"0.700000,0.700000,0.700000,0.700000,0.700000,0.700000,0.700000,0.700000,0.700000,0.700000,0.700000,0.700000,0.700000,0.700000,0.700000,0.700000,0.700000,0.700000,0.700000,0.700000,0.700000,0.700000,0.700000,0.700000,0.700000,0.700000,0.700000,0.700000,0.700000,0.700000,0.700000,0.700000,0.700000,0.700000,0.700000,0.700000,0.700000,0.700000,0.700000,0.700000,0.700000,0.700000,0.700000,0.700000,0.700000,0.700000,0.700000,0.700000,0.700000,0.700000",0.009001865051686764,0.02201463282108307,0.11080445349216461,0.02597072534263134,0.01319428626447916,"0.820076,0.819808,0.819553,0.819416,0.819225,0.819095,0.818802,0.818604,0.818438,0.818196,0.817908,0.817594,0.817289,0.817158,0.816879,0.816600,0.816290,0.816104,0.815946,0.815690,0.815513,0.815204,0.815067,0.814868,0.814547,0.814344,0.814087,0.813866,0.813576,0.813280,0.812976,0.812664,0.812468,0.812192,0.812033,0.811878,0.811711,0.811425,0.811194,0.810952,0.810804,0.810529,0.810233,0.810075,0.809940,0.809795,0.809648,0.809479,0.809354,0.809200"
0.02451794594526291,34,0.797446072101593,"0.700000,0.700000,0.700000,0.700000,0.700000,0.700000,0.700000,0.700000,0.700000,0.700000,0.700000,0.700000,0.700000,0.700000,0.700000,0.700000,0.700000,0.700000,0.700000,0.700000,0.700000,0.700000,0.700000,0.700000,0.700000,0.700000,0.700000,0.700000,0.700000,0.700000,0.700000,0.700000,0.700000,0.700000,0.700000,0.700000,0.700000,0.700000,0.700000,0.700000,0.700000,0.700000,0.700000,0.700000,0.700000,0.700000,0.700000,0.700000,0.700000,0.700000",0.00899137370288372,0.021194782108068466,0.11085548251867294,0.024707719683647156,0.010755608789622784,"0.808958,0.808706,0.808561,0.808374,0.808176,0.807948,0.807715,0.807490,0.807257,0.806975,0.806697,0.806436,0.806151,0.805998,0.805844,0.805665,0.805401,0.805265,0.804955,0.804777,0.804473,0.804186,0.803876,0.803579,0.803337,0.803065,0.802917,0.802739,0.802507,0.802330,0.802163,0.801898,0.801758,0.801494,0.801179,0.800868,0.800565,0.800319,0.800062,0.799873,0.799557,0.799415,0.799260,0.799064,0.798776,0.798539,0.798219,0.797952,0.797644,0.797446"
0.023594560101628304,35,0.7862371206283569,"0.700000,0.700000,0.700000,0.700000,0.700000,0.700000,0.700000,0.700000,0.700000,0.700000,0.700000,0.700000,0.700000,0.700000,0.700000,0.700000,0.700000,0.700000,0.700000,0.700000,0.700000,0.700000,0.700000,0.700000,0.700000,0.700000,0.700000,0.700000,0.700000,0.700000,0.700000,0.700000,0.700000,0.700000,0.700000,0.700000,0.700000,0.700000,0.700000,0.700000,0.700000,0.700000,0.700000,0.700000,0.700000,0.700000,0.700000,0.700000,0.700000,0.700000",0.008982336148619652,0.020488964393734932,0.11089573055505753,0.02382401004433632,0.008485885336995125,"0.797314,0.797047,0.796837,0.796595,0.796448,0.796198,0.796043,0.795768,0.795613,0.795323,0.794996,0.794784,0.794540,0.794270,0.793958,0.793749,0.793582,0.793397,0.793224,0.793047,0.792903,0.792576,0.792408,0.792209,0.791950,0.791701,0.791545,0.791290,0.790984,0.790769,0.790505,0.790203,0.789994,0.789792,0.789597,0.789320,0.789128,0.788981,0.788801,0.788611,0.788422,0.788258,0.787956,0.787714,0.787445,0.787295,0.787026,0.786746,0.786444,0.786237"
0.023037556558847427,36,0.774433434009552,"0.700000,0.700000,0.700000,0.700000,0.700000,0.700000,0.700000,0.700000,0.700000,0.700000,0.700000,0.700000,0.700000,0.700000,0.700000,0.700000,0.700000,0.700000,0.700000,0.700000,0.700000,0.700000,0.700000,0.700000,0.700000,0.700000,0.700000,0.700000,0.700000,0.700000,0.700000,0.700000,0.700000,0.700000,0.700000,0.700000,0.700000,0.700000,0.700000,0.700000,0.700000,0.700000,0.700000,0.700000,0.700000,0.700000,0.700000,0.700000,0.700000,0.700000",0.008974024094641209,0.019890328869223595,0.1109265461564064,0.02334793098270893,0.006500082556158304,"0.785923,0.785636,0.785420,0.785248,0.785090,0.784822,0.784563,0.784250,0.784100,0.783870,0.783650,0.783358,0.783172,0.782960,0.782709,0.782550,0.782238,0.782072,0.781894,0.781744,0.781495,0.781279,0.781110,0.780946,0.780797,0.780476,0.780217,0.780073,0.779747,0.779474,0.779228,0.779065,0.778731,0.778527,0.778240,0.777933,0.777644,0.777358,0.777139,0.776919,0.776588,0.776302,0.776056,0.775888,0.775652,0.775329,0.775061,0.774825,0.774666,0.774433"
0.022815048694610596,37,0.76302570104599,"0.700000,0.700000,0.700000,0.700000,0.700000,0.700000,0.700000,0.700000,0.700000,0.700000,0.700000,0.700000,0.700000,0.700000,0.700000,0.700000,0.700000,0.700000,0.700000,0.700000,0.700000,0.700000,0.700000,0.700000,0.700000,0.700000,0.700000,0.700000,0.700000,0.700000,0.700000,0.700000,0.700000,0.700000,0.700000,0.700000,0.700000,0.700000,0.700000,0.700000,0.700000,0.700000,0.700000,0.700000,0.700000,0.700000,0.700000,0.700000,0.700000,0.700000",0.008966985158622265,0.019392918795347214,0.11094901710748672,0.023158792406320572,0.004741945769637823,"0.774123,0.773908,0.773665,0.773349,0.773111,0.772924,0.772720,0.772527,0.772383,0.772058,0.771791,0.771628,0.771366,0.771186,0.770904,0.770751,0.770525,0.770289,0.770075,0.769862,0.769648,0.769423,0.769264,0.769042,0.768814,0.768605,0.768380,0.768188,0.767991,0.767805,0.767491,0.767225,0.766895,0.766603,0.766310,0.766057,0.765876,0.765711,0.765490,0.765187,0.765012,0.764872,0.764732,0.764522,0.764305,0.764002,0.763767,0.763568,0.763300,0.763026"
0.022915810346603394,38,0.7511422038078308,"0.700000,0.700000,0.700000,0.700000,0.700000,0.700000,0.700000,0.700000,0.700000,0.700000,0.700000,0.700000,0.700000,0.700000,0.700000,0.700000,0.700000,0.700000,0.700000,0.700000,0.700000,0.700000,0.700000,0.700000,0.700000,0.700000,0.700000,0.700000,0.700000,0.700000,0.700000,0.700000,0.700000,0.700000,0.700000,0.700000,0.700000,0.700000,0.700000,0.700000,0.700000,0.700000,0.700000,0.700000,0.700000,0.700000,0.700000,0.700000,0.700000,0.700000",0.008960725739598274,0.018992703408002853,0.11096440255641937,0.02329927869141102,0.003251795656979084,"0.762699,0.762482,0.762256,0.761994,0.761752,0.761447,0.761228,0.760942,0.760653,0.760342,0.760076,0.759840,0.759579,0.759304,0.759065,0.758892,0.758597,0.758356,0.758106,0.757894,0.757741,0.757564,0.757232,0.757017,0.756779,0.756540,0.756362,0.756226,0.755925,0.755748,0.755508,0.755308,0.755151,0.754951,0.754662,0.754364,0.754168,0.753928,0.753667,0.753443,0.753212,0.753010,0.752803,0.752477,0.752158,0.751926,0.751755,0.751532,0.751394,0.751142"
0.023185357451438904,39,0.7403159141540527,"0.700000,0.700000,0.700000,0.700000,0.700000,0.700000,0.700000,0.700000,0.700000,0.700000,0.700000,0.700000,0.700000,0.700000,0.700000,0.700000,0.700000,0.700000,0.700000,0.700000,0.700000,0.700000,0.700000,0.700000,0.700000,0.700000,0.700000,0.700000,0.700000,0.700000,0.700000,0.700000,0.700000,0.700000,0.700000,0.700000,0.700000,0.700000,0.700000,0.700000,0.700000,0.700000,0.700000,0.700000,0.700000,0.700000,0.700000,0.700000,0.700000,0.700000",0.00895626749843359,0.018679169937968254,0.11097431182861328,0.02360052429139614,0.0020967188756912947,"0.751011,0.750854,0.750595,0.750324,0.750139,0.749929,0.749722,0.749506,0.749276,0.749008,0.748874,0.748600,0.748403,0.748191,0.747875,0.747684,0.747401,0.747179,0.746989,0.746767,0.746523,0.746226,0.746065,0.745804,0.745661,0.745501,0.745240,0.744947,0.744705,0.744457,0.744293,0.744154,0.743936,0.743660,0.743342,0.743207,0.742885,0.742721,0.742552,0.742404,0.742097,0.741845,0.741636,0.741477,0.741293,0.741136,0.740970,0.740689,0.740458,0.740316"
0.023700011894106865,40,0.7292013764381409,"0.700000,0.700000,0.700000,0.700000,0.700000,0.700000,0.700000,0.700000,0.700000,0.700000,0.700000,0.700000,0.700000,0.700000,0.700000,0.700000,0.700000,0.700000,0.700000,0.700000,0.700000,0.700000,0.700000,0.700000,0.700000,0.700000,0.700000,0.700000,0.700000,0.700000,0.700000,0.700000,0.700000,0.700000,0.700000,0.700000,0.700000,0.700000,0.700000,0.700000,0.700000,0.700000,0.700000,0.700000,0.700000,0.700000,0.700000,0.700000,0.700000,0.700000",0.008952770382165909,0.018447788432240486,0.11097999662160873,0.02417469024658203,0.001207272638566792,"0.740002,0.739800,0.739488,0.739231,0.738919,0.738764,0.738599,0.738413,0.738108,0.737836,0.737687,0.737491,0.737207,0.736992,0.736780,0.736505,0.736274,0.736096,0.735825,0.735586,0.735373,0.735252,0.735048,0.734816,0.734516,0.734237,0.734078,0.733891,0.733615,0.733461,0.733316,0.733059,0.732836,0.732629,0.732481,0.732340,0.732079,0.731918,0.731634,0.731515,0.731380,0.731187,0.730900,0.730656,0.730358,0.730105,0.729798,0.729679,0.729459,0.729201"
0.024371745064854622,41,0.7186979651451111,"0.700000,0.700000,0.700000,0.700000,0.700000,0.700000,0.700000,0.700000,0.700000,0.700000,0.700000,0.700000,0.700000,0.700000,0.700000,0.700000,0.700000,0.700000,0.700000,0.700000,0.700000,0.700000,0.700000,0.700000,0.700000,0.700000,0.700000,0.700000,0.700000,0.700000,0.700000,0.700000,0.700000,0.700000,0.700000,0.700000,0.700000,0.700000,0.700000,0.700000,0.700000,0.700000,0.700000,0.700000,0.700000,0.700000,0.700000,0.700000,0.700000,0.700000",0.008950609713792801,0.01829291321337223,0.11098272353410721,0.024869533255696297,0.000583470391575247,"0.728892,0.728757,0.728532,0.728408,0.728185,0.728016,0.727832,0.727662,0.727449,0.727204,0.727085,0.726792,0.726543,0.726388,0.726234,0.726086,0.725823,0.725538,0.725266,0.725066,0.724910,0.724668,0.724428,0.724259,0.724072,0.723836,0.723610,0.723450,0.723254,0.722948,0.722802,0.722577,0.722344,0.722138,0.721919,0.721766,0.721581,0.721346,0.721072,0.720795,0.720537,0.720298,0.720053,0.719807,0.719685,0.719575,0.719310,0.719093,0.718929,0.718698"
0.025194723159074783,42,0.7089075446128845,"0.700000,0.700000,0.700000,0.700000,0.700000,0.700000,0.700000,0.700000,0.700000,0.700000,0.700000,0.700000,0.700000,0.700000,0.700000,0.700000,0.700000,0.700000,0.700000,0.700000,0.700000,0.700000,0.700000,0.700000,0.700000,0.700000,0.700000,0.700000,0.700000,0.700000,0.700000,0.700000,0.700000,0.700000,0.700000,0.700000,0.700000,0.700000,0.700000,0.700000,0.700000,0.700000,0.700000,0.700000,0.700000,0.700000,0.700000,0.700000,0.700000,0.700000",0.00894949585199356,0.018208831548690796,0.11098362505435944,0.02573513053357601,0.00019738807168323547,"0.718562,0.718454,0.718152,0.717970,0.717770,0.717666,0.717462,0.717196,0.717026,0.716781,0.716508,0.716395,0.716135,0.716003,0.715896,0.715662,0.715494,0.715195,0.714985,0.714693,0.714483,0.714341,0.714122,0.713876,0.713650,0.713494,0.713216,0.712993,0.712779,0.712654,0.712554,0.712409,0.712307,0.712204,0.711982,0.711818,0.711630,0.711438,0.711176,0.711036,0.710806,0.710618,0.710459,0.710193,0.709904,0.709779,0.709543,0.709355,0.709168,0.708908"
0.026113495230674744,43,0.7000910043716431,"0.700000,0.700000,0.700000,0.700000,0.700000,0.700000,0.700000,0.700000,0.700000,0.700000,0.700000,0.700000,0.700000,0.700000,0.700000,0.700000,0.700000,0.700000,0.700000,0.700000,0.700000,0.700000,0.700000,0.700000,0.700000,0.700000,0.700000,0.700000,0.700000,0.700000,0.700000,0.700000,0.700000,0.700000,0.700000,0.700000,0.700000,0.700000,0.700000,0.700000,0.700000,0.700000,0.700000,0.700000,0.700000,0.700000,0.700000,0.700000,0.700000,0.700000",0.008949252776801586,0.018189270049333572,0.1109837144613266,0.026577753946185112,2.52899517363403e-05,"0.708814,0.708541,0.708395,0.708118,0.707922,0.707803,0.707688,0.707404,0.707179,0.707075,0.706827,0.706728,0.706552,0.706384,0.706225,0.705992,0.705839,0.705641,0.705496,0.705276,0.705103,0.704994,0.704895,0.704659,0.704511,0.704342,0.704069,0.703804,0.703558,0.703444,0.703299,0.703035,0.702784,0.702696,0.702449,0.702298,0.702209,0.701979,0.701818,0.701713,0.701581,0.701446,0.701337,0.701103,0.700878,0.700729,0.700565,0.700401,0.700276,0.700091"
0.02719912864267826,44,0.6907818913459778,"0.700000,0.700000,0.700000,0.700000,0.700000,0.700000,0.700000,0.700000,0.700000,0.700000,0.700000,0.700000,0.700000,0.700000,0.700000,0.700000,0.700000,0.700000,0.700000,0.700000,0.700000,0.700000,0.700000,0.700000,0.700000,0.700000,0.700000,0.700000,0.700000,0.700000,0.700000,0.700000,0.700000,0.700000,0.700000,0.700000,0.700000,0.700000,0.700000,0.700000,0.700000,0.700000,0.700000,0.700000,0.700000,0.700000,0.700000,0.700000,0.700000,0.700000",0.008949831128120422,0.018233250826597214,0.11098382622003555,0.027758857235312462,3.0375138521776535e-05,"0.699988,0.699815,0.699602,0.699376,0.699125,0.698929,0.698797,0.698575,0.698423,0.698155,0.697944,0.697677,0.697520,0.697366,0.697151,0.696942,0.696686,0.696440,0.696217,0.695978,0.695862,0.695719,0.695625,0.695552,0.695336,0.695093,0.694917,0.694650,0.694407,0.694195,0.694112,0.693939,0.693758,0.693539,0.693305,0.693155,0.693007,0.692842,0.692701,0.692506,0.692296,0.692140,0.692017,0.691945,0.691732,0.691480,0.691331,0.691149,0.691012,0.690782"
0.028355274349451065,45,0.6830917000770569,"0.700000,0.700000,0.700000,0.700000,0.700000,0.700000,0.700000,0.700000,0.700000,0.700000,0.700000,0.700000,0.700000,0.700000,0.700000,0.700000,0.700000,0.700000,0.700000,0.700000,0.700000,0.700000,0.700000,0.700000,0.700000,0.700000,0.700000,0.700000,0.700000,0.700000,0.700000,0.700000,0.700000,0.700000,0.700000,0.700000,0.700000,0.700000,0.700000,0.700000,0.700000,0.700000,0.700000,0.700000,0.700000,0.700000,0.700000,0.700000,0.700000,0.700000",0.008950965479016304,0.018334662541747093,0.1109846755862236,0.028883425518870354,0.00018424636800773442,"0.690571,0.690383,0.690194,0.690075,0.689894,0.689641,0.689395,0.689313,0.689113,0.688989,0.688795,0.688614,0.688364,0.688235,0.688146,0.687995,0.687801,0.687604,0.687429,0.687302,0.687140,0.687007,0.686796,0.686637,0.686561,0.686372,0.686271,0.686071,0.685946,0.685888,0.685671,0.685603,0.685538,0.685365,0.685259,0.685104,0.684906,0.684851,0.684753,0.684698,0.684483,0.684278,0.684069,0.683992,0.683752,0.683623,0.683483,0.683416,0.683323,0.683092"
0.0295316930860281,46,0.675962507724762,"0.700000,0.700000,0.700000,0.700000,0.700000,0.700000,0.700000,0.700000,0.700000,0.700000,0.700000,0.700000,0.700000,0.700000,0.700000,0.700000,0.700000,0.700000,0.700000,0.700000,0.700000,0.700000,0.700000,0.700000,0.700000,0.700000,0.700000,0.700000,0.700000,0.700000,0.700000,0.700000,0.700000,0.700000,0.700000,0.700000,0.700000,0.700000,0.700000,0.700000,0.700000,0.700000,0.700000,0.700000,0.700000,0.700000,0.700000,0.700000,0.700000,0.700000",0.008952501229941845,0.018486879765987396,0.11098670959472656,0.03006877936422825,0.00043205503607168794,"0.682978,0.682794,0.682571,0.682383,0.682259,0.682173,0.681979,0.681784,0.681609,0.681456,0.681401,0.681308,0.681223,0.681112,0.680944,0.680785,0.680668,0.680450,0.680388,0.680181,0.679998,0.679802,0.679590,0.679503,0.679351,0.679220,0.678987,0.678892,0.678834,0.678694,0.678497,0.678370,0.678245,0.678045,0.677998,0.677862,0.677803,0.677579,0.677469,0.677298,0.677169,0.677009,0.676964,0.676823,0.676695,0.676620,0.676434,0.676295,0.676067,0.675963"
0.030820593237876892,47,0.6691320538520813,"0.700000,0.700000,0.700000,0.700000,0.700000,0.700000,0.700000,0.700000,0.700000,0.700000,0.700000,0.700000,0.700000,0.700000,0.700000,0.700000,0.700000,0.700000,0.700000,0.700000,0.700000,0.700000,0.700000,0.700000,0.700000,0.700000,0.700000,0.700000,0.700000,0.700000,0.700000,0.700000,0.700000,0.700000,0.700000,0.700000,0.700000,0.700000,0.700000,0.700000,0.700000,0.700000,0.700000,0.700000,0.700000,0.700000,0.700000,0.700000,0.700000,0.700000",0.008954436518251896,0.018688643351197243,0.11099033802747726,0.03133349120616913,0.000768606027122587,"0.675759,0.675582,0.675398,0.675296,0.675101,0.674881,0.674801,0.674665,0.674553,0.674516,0.674336,0.674108,0.674001,0.673869,0.673700,0.673509,0.673413,0.673242,0.673182,0.673147,0.672928,0.672808,0.672721,0.672605,0.672575,0.672533,0.672332,0.672154,0.672121,0.671911,0.671885,0.671772,0.671626,0.671431,0.671311,0.671127,0.670946,0.670758,0.670580,0.670496,0.670339,0.670196,0.670004,0.669913,0.669723,0.669634,0.669528,0.669399,0.669225,0.669132"
0.03214627131819725,48,0.6635724306106567,"0.700000,0.700000,0.700000,0.700000,0.700000,0.700000,0.700000,0.700000,0.700000,0.700000,0.700000,0.700000,0.700000,0.700000,0.700000,0.700000,0.700000,0.700000,0.700000,0.700000,0.700000,0.700000,0.700000,0.700000,0.700000,0.700000,0.700000,0.700000,0.700000,0.700000,0.700000,0.700000,0.700000,0.700000,0.700000,0.700000,0.700000,0.700000,0.700000,0.700000,0.700000,0.700000,0.700000,0.700000,0.700000,0.700000,0.700000,0.700000,0.700000,0.700000",0.008956404402852058,0.018935471773147583,0.11099579185247421,0.03262057155370712,0.0011519152903929353,"0.669000,0.668911,0.668716,0.668619,0.668588,0.668399,0.668321,0.668114,0.668044,0.667924,0.667714,0.667641,0.667575,0.667529,0.667411,0.667241,0.667221,0.667087,0.666889,0.666743,0.666670,0.666467,0.666411,0.666219,0.666102,0.666089,0.665988,0.665861,0.665741,0.665672,0.665495,0.665476,0.665417,0.665216,0.665028,0.664855,0.664799,0.664638,0.664617,0.664600,0.664410,0.664315,0.664248,0.664225,0.664070,0.664044,0.663970,0.663828,0.663671,0.663572"
0.033459801226854324,49,0.6587360501289368,"0.700000,0.700000,0.700000,0.700000,0.700000,0.700000,0.700000,0.700000,0.700000,0.700000,0.700000,0.700000,0.700000,0.700000,0.700000,0.700000,0.700000,0.700000,0.700000,0.700000,0.700000,0.700000,0.700000,0.700000,0.700000,0.700000,0.700000,0.700000,0.700000,0.700000,0.700000,0.700000,0.700000,0.700000,0.700000,0.700000,0.700000,0.700000,0.700000,0.700000,0.700000,0.700000,0.700000,0.700000,0.700000,0.700000,0.700000,0.700000,0.700000,0.700000",0.008958213962614536,0.01921987161040306,0.11100296676158905,0.03396805375814438,0.001513665891252458,"0.663516,0.663434,0.663345,0.663231,0.663092,0.662900,0.662828,0.662717,0.662530,0.662494,0.662424,0.662355,0.662297,0.662249,0.662238,0.662198,0.662109,0.662002,0.661937,0.661821,0.661773,0.661651,0.661622,0.661430,0.661295,0.661269,0.661201,0.661080,0.660997,0.660803,0.660759,0.660724,0.660646,0.660601,0.660528,0.660345,0.660275,0.660102,0.659944,0.659876,0.659696,0.659654,0.659497,0.659457,0.659269,0.659261,0.659132,0.658955,0.658791,0.658736"
